trial,endState,user,redirector,resetCount,virtualDistance,gtChangeMax,gcChangeMax,gtChangeAvg,gcChangeAvg
0,Normal,0,PredRedLPP,8,99.97537,4,11.33333,0.1550289,0.1437282
1,Normal,0,PredRedLPP,8,99.97196,3.428571,2.666667,0.1480948,0.1235552
2,Normal,0,PredRedLPP,8,99.96754,4,2.666667,0.1602328,0.1384804
3,Normal,0,PredRedLPP,8,99.96897,4,2.666667,0.1481548,0.1234409
4,Normal,0,PredRedLPP,8,99.9807,4,2.285714,0.1464017,0.1203883
5,Normal,0,PredRedLPP,8,99.96744,4,2.666667,0.07780907,0.2211791
6,Normal,0,PredRedLPP,8,99.96162,3.333334,2.666667,0.1421258,0.1211913
7,Normal,0,PredRedLPP,8,99.9688,4,2.222222,0.1381563,0.1130298
8,Normal,0,PredRedLPP,8,99.98361,3.766667,2.666667,0.1641538,0.140882
9,Normal,0,PredRedLPP,11,99.9724,4,2.666667,0.07658888,0.04586957
10,Normal,0,PredRedLPP,8,99.97318,4,2.666667,0.1498053,0.1305209
11,Normal,0,PredRedLPP,7,99.98385,4,2.285714,0.174497,0.1559299
12,Normal,0,PredRedLPP,8,99.97219,4,2.666667,0.1624087,0.1398447
13,Normal,0,PredRedLPP,7,99.97385,4,2.666667,0.1643911,0.1449072
14,Normal,0,PredRedLPP,8,99.96926,4,2.222222,0.222102,0.1949379
15,Normal,0,PredRedLPP,8,99.96491,3.428572,2.666667,0.1480528,0.1236063
16,Normal,0,PredRedLPP,7,99.99055,4,2.666667,0.1481482,0.1218377
17,Normal,0,PredRedLPP,8,99.97039,3.333334,2.666667,0.1574692,0.1370958
18,Normal,0,PredRedLPP,8,99.96709,3.428572,2.666667,0.177215,0.1610459
19,Normal,0,PredRedLPP,8,99.97784,3.100001,2.666667,0.1973089,0.1776614
20,Normal,0,PredRedLPP,8,99.97344,4,2.285714,0.1624716,0.1335681
21,Normal,0,PredRedLPP,8,99.96631,4,2.666667,0.1910949,0.1682279
22,Normal,0,PredRedLPP,8,99.96912,3.628572,2.285714,0.1589838,0.1357063
23,Normal,0,PredRedLPP,8,99.97606,4,2.476191,0.1477607,0.1221979
24,Normal,0,PredRedLPP,8,99.96941,4,2.666667,0.1564551,0.1393554
25,Normal,0,PredRedLPP,7,99.98811,3.533334,2.666667,0.196446,0.1730276
26,Normal,0,PredRedLPP,8,99.97261,4,2.666667,0.1483424,0.1239416
27,Normal,0,PredRedLPP,7,99.99597,4,2.666667,0.1489802,0.1275715
28,Normal,0,PredRedLPP,8,99.97665,4,2.666667,0.1883978,0.1724693
29,Normal,0,PredRedLPP,8,99.97858,4,2.285714,0.157668,0.1399297
30,Normal,0,PredRedLPP,8,99.97408,4,2.666667,0.1613713,0.1339805
31,Normal,0,PredRedLPP,8,99.98262,4,2.666667,0.1637627,0.210689
32,Normal,0,PredRedLPP,7,99.9742,2.666668,2.285714,0.1480935,0.1265156
33,Normal,0,PredRedLPP,8,99.97704,3.333334,2.666667,0.1535966,0.1312869
34,Normal,0,PredRedLPP,8,99.97243,4,2.666667,0.1949925,0.1738132
35,Normal,0,PredRedLPP,8,99.9761,4,2.666667,0.1462162,0.1200343
36,Normal,0,PredRedLPP,8,99.97261,3.766667,2.666667,0.1624773,0.1367103
37,Normal,0,PredRedLPP,8,99.97353,4,2.666667,0.1543982,0.1269264
38,Normal,0,PredRedLPP,8,99.98223,4,2.133333,0.1619004,0.137595
39,Normal,0,PredRedLPP,8,99.97633,3.766667,2.666667,0.1504954,0.1323382
40,Normal,0,PredRedLPP,11,99.98359,4,2.222222,0.07939348,0.03682644
41,Normal,0,PredRedLPP,8,99.97736,3.428572,2.666667,0.1591937,0.1423584
42,Normal,0,PredRedLPP,8,99.96792,3.6,2.666667,0.1563514,0.1289664
43,Normal,0,PredRedLPP,8,99.96754,4,2.666667,0.1420527,0.1196603
44,Normal,0,PredRedLPP,8,99.9722,4,2.666667,0.1541552,0.1335943
45,Normal,0,PredRedLPP,8,99.97898,4,2.285714,0.153463,0.1316788
46,Normal,0,PredRedLPP,7,99.96647,4,2.666667,0.1550752,0.1359948
47,Normal,0,PredRedLPP,8,99.97219,4,2.285714,0.1555147,0.1328781
48,Normal,0,PredRedLPP,8,99.96687,4,2.666667,0.1379747,0.1148138
49,Normal,0,PredRedLPP,7,99.97591,4,2.285714,0.1577567,0.1352275
50,Normal,0,PredRedLPP,7,99.97499,4,2.666667,0.1581775,0.1380967
51,Normal,0,PredRedLPP,7,99.99762,3.533334,1.904762,0.1598639,0.1386459
52,Normal,0,PredRedLPP,8,99.97546,4,2.666667,0.1624378,0.1455075
53,Normal,0,PredRedLPP,8,99.97632,4,2.666667,0.1515096,0.1266356
54,Normal,0,PredRedLPP,7,99.99043,3.428572,2.666667,0.1492992,0.1272163
55,Normal,0,PredRedLPP,9,99.97207,4,2.666667,0.2102242,0.1851805
56,Normal,0,PredRedLPP,8,99.98053,4,2.666667,0.1763631,0.1611672
57,Normal,0,PredRedLPP,8,99.97863,4,2.666667,0.1604024,0.1380938
58,Normal,0,PredRedLPP,8,99.97199,4,2.666667,0.1512681,0.1349091
59,Normal,0,PredRedLPP,8,99.96416,4,2.285714,0.1441818,0.1174603
60,Normal,0,PredRedLPP,11,99.97559,4,2.666667,0.07844713,0.04445975
61,Normal,0,PredRedLPP,7,99.98268,4,2.285714,0.1628872,0.1421491
62,Normal,0,PredRedLPP,7,99.9679,4,2.285714,0.161772,0.1435652
63,Normal,0,PredRedLPP,7,99.98734,3.428571,2.666667,0.07323326,0.1644481
64,Normal,0,PredRedLPP,8,99.9692,3.428571,2.666667,0.1685108,0.14557
65,Normal,0,PredRedLPP,8,99.97739,4,2.285714,0.1614611,0.1374792
66,Normal,0,PredRedLPP,8,99.97447,4,2.666667,0.1627397,0.1440893
67,Normal,0,PredRedLPP,8,99.9874,3.6,2.666667,0.1380865,0.1158585
68,Normal,0,PredRedLPP,7,99.97839,3.333332,2.666667,0.161693,0.1377524
69,Normal,0,PredRedLPP,8,99.98408,4,2.666667,0.1426244,0.1188709
70,Normal,0,PredRedLPP,11,99.97218,4,2.666667,0.07988136,0.04344788
71,Normal,0,PredRedLPP,7,99.98438,4,2.666667,0.1635068,0.1426211
72,Normal,0,PredRedLPP,7,99.97099,4,2.666667,0.1502793,0.1306494
73,Normal,0,PredRedLPP,11,99.99142,4,2.222222,0.08647187,0.04499072
74,Normal,0,PredRedLPP,8,99.97742,4,2.285714,0.1499699,0.1293293
75,Normal,0,PredRedLPP,8,99.98401,3.428572,2.666667,0.1693132,0.2379455
76,Normal,0,PredRedLPP,11,99.95892,4,2.666667,0.08287707,0.04662221
77,Normal,0,PredRedLPP,7,99.99205,4,2.666667,0.1576208,0.1357762
78,Normal,0,PredRedLPP,8,99.97771,2.857143,2.666667,0.1708965,0.2317823
79,Normal,0,PredRedLPP,7,99.97035,3.428572,2.666667,0.1626428,0.1431091
80,Normal,0,PredRedLPP,7,99.98257,3.428572,2.285714,0.1531279,0.128229
81,Normal,0,PredRedLPP,8,99.97742,4,2.285714,0.1598203,0.1374498
82,Normal,0,PredRedLPP,8,99.96783,4,2.666667,0.1703307,0.1526017
83,Normal,0,PredRedLPP,8,99.97592,3.428572,2.666667,0.1525578,0.1332921
84,Normal,0,PredRedLPP,8,99.9799,4,2.666667,0.1832566,0.1673924
85,Normal,0,PredRedLPP,7,99.97122,3.428571,2.666667,0.1663535,0.1504117
86,Normal,0,PredRedLPP,7,99.97961,4,2.666667,0.1553899,0.1327238
87,Normal,0,PredRedLPP,11,99.97327,4,2,0.08101403,0.03859866
88,Normal,0,PredRedLPP,8,99.97515,3.428571,2.285714,0.138899,0.1137902
89,Normal,0,PredRedLPP,8,99.97491,3.333334,2.666667,0.1589318,0.1330527
90,Normal,0,PredRedLPP,8,99.97815,3.428571,2.666667,0.1810308,0.1584107
91,Normal,0,PredRedLPP,7,99.97343,3.428572,2.666667,0.1919799,0.1731229
92,Normal,0,PredRedLPP,7,99.99174,4,2.666667,0.166328,0.147386
93,Normal,0,PredRedLPP,8,99.98479,3.428572,2.666667,0.1512543,0.1283925
94,Normal,0,PredRedLPP,8,99.96941,4,2.666667,0.1338677,0.1184802
95,Normal,0,PredRedLPP,8,99.97281,2.833334,2.666667,0.1704474,0.2275515
96,Normal,0,PredRedLPP,8,99.96857,4,2.666667,0.1519096,0.1303595
97,Normal,0,PredRedLPP,7,99.9709,3.800001,2.666667,0.1510691,0.1335729
98,Normal,0,PredRedLPP,8,99.97748,4,2.666667,0.1504351,0.1213835
99,Normal,0,PredRedLPP,11,99.96564,4,2.666667,0.08293077,0.05291007
100,Normal,0,PredRedLPP,8,99.96881,4,2,0.1482676,0.1226034
101,Normal,0,PredRedLPP,8,99.97395,4,2.666667,0.1535371,0.1264703
102,Normal,0,PredRedLPP,8,99.97295,4,2.666667,0.1533704,0.1397061
103,Normal,0,PredRedLPP,8,99.98174,3.333332,2.666667,0.1590467,0.1483826
104,Normal,0,PredRedLPP,8,99.97309,4,2.666667,0.151348,0.1259337
105,Normal,0,PredRedLPP,8,99.97577,3.428572,2.666667,0.1447842,0.123387
106,Normal,0,PredRedLPP,8,99.97975,4,2.666667,0.1486213,0.1229283
107,Normal,0,PredRedLPP,8,99.97439,4,2.666667,0.1399819,0.1173135
108,Normal,0,PredRedLPP,8,99.97324,4,2.666667,0.1643354,0.1360956
109,Normal,0,PredRedLPP,8,99.98054,4,2.285714,0.1481078,0.1592203
110,Normal,0,PredRedLPP,11,99.98029,4,2.666667,0.07943705,0.0358846
111,Normal,0,PredRedLPP,11,99.97688,4,1.777778,0.0808672,0.035824
112,Normal,0,PredRedLPP,8,99.97309,4,2.222222,0.1485784,0.1235272
113,Normal,0,PredRedLPP,8,99.97448,4,2.285714,0.143201,0.1183886
114,Normal,0,PredRedLPP,8,99.96905,4,2.666667,0.140585,0.1169438
115,Normal,0,PredRedLPP,8,99.97283,3.428572,2.666667,0.1531596,0.1316048
116,Normal,0,PredRedLPP,7,99.96851,2.857143,2.666667,0.1570601,0.1290172
117,Normal,0,PredRedLPP,8,99.97282,4,2.666667,0.1467984,0.1198028
118,Normal,0,PredRedLPP,7,99.96584,3.6,2.285714,0.1712863,0.1488003
119,Normal,0,PredRedLPP,8,99.97349,3.428572,2.285714,0.1537451,0.1264725
120,Normal,0,PredRedLPP,8,99.97617,3.533334,2.666667,0.1773764,0.163085
121,Normal,0,PredRedLPP,8,99.96843,4,2.666667,0.1429043,0.1156871
122,Normal,0,PredRedLPP,8,99.98804,4,2.666667,0.2112523,0.1837238
123,Normal,0,PredRedLPP,8,99.97714,4,2.666667,0.149505,0.1268412
124,Normal,0,PredRedLPP,11,99.98145,4,2.666667,0.08490212,0.04892414
125,Normal,0,PredRedLPP,8,99.97371,3.800001,2.666667,0.1531175,0.127498
126,Normal,0,PredRedLPP,8,99.96812,4,2.666667,0.1485032,0.1191828
127,Normal,0,PredRedLPP,7,99.96584,4,2.666667,0.1708479,0.1528336
128,Normal,0,PredRedLPP,8,99.96938,4,2.666667,0.1757716,0.2250031
129,Normal,0,PredRedLPP,8,99.97633,4,2.666667,0.1500303,0.1287126
130,Normal,0,PredRedLPP,8,99.97588,4,2.285714,0.2092676,0.1802834
131,Normal,0,PredRedLPP,7,99.96833,3.628572,2.285714,0.1709818,0.1534888
132,Normal,0,PredRedLPP,7,99.96399,3.333334,2.285714,0.1474915,0.1300327
133,Normal,0,PredRedLPP,8,99.97997,3.428571,2.666667,0.1783303,0.2087755
134,Normal,0,PredRedLPP,8,99.9696,4,2.666667,0.1803813,0.1660985
135,Normal,0,PredRedLPP,7,99.97284,4,2.666667,0.1610926,0.1395583
136,Normal,0,PredRedLPP,8,99.9715,3.428572,2.666667,0.145024,0.1216741
137,Normal,0,PredRedLPP,8,99.97492,3.428571,2.666667,0.1549583,0.1355753
138,Normal,0,PredRedLPP,7,99.98081,3.428572,2.285714,0.1582441,0.1394065
139,Normal,0,PredRedLPP,8,99.98379,4,2.666667,0.1488117,0.128194
140,Normal,0,PredRedLPP,8,99.97708,3.428572,2.666667,0.1985486,0.171629
141,Normal,0,PredRedLPP,8,99.97751,3.333334,2.666667,0.1473748,0.1226234
142,Normal,0,PredRedLPP,7,99.98176,3.428572,2.285714,0.1644231,0.1456652
143,Normal,0,PredRedLPP,8,99.96845,3.428572,2.222222,0.1699132,0.1512768
144,Normal,0,PredRedLPP,8,99.98399,3.3,2.285714,0.1748455,0.1585841
145,Normal,0,PredRedLPP,7,99.98444,4,2.666667,0.1662963,0.1463257
146,Normal,0,PredRedLPP,8,99.97209,4,2.666667,0.1530957,0.1374896
147,Normal,0,PredRedLPP,8,99.97199,3.6,2.666667,0.1495116,0.1307635
148,Normal,0,PredRedLPP,8,99.9645,4,2.666667,0.1443645,0.121617
149,Normal,0,PredRedLPP,7,99.99644,4,2.666667,0.1843828,0.2102294
150,Normal,0,PredRedLPP,8,99.98033,4,2,0.1887873,0.1717304
151,Normal,0,PredRedLPP,8,99.98104,3.600001,2.222222,0.1746471,0.1572686
152,Normal,0,PredRedLPP,8,99.97406,4,1.904762,0.1530164,0.1263341
153,Normal,0,PredRedLPP,8,99.98382,3.428571,2.666667,0.1457648,0.1229216
154,Normal,0,PredRedLPP,8,99.96718,4,2.666667,0.163945,0.1497914
155,Normal,0,PredRedLPP,8,99.98475,3.333334,2.666667,0.1650213,0.1450915
156,Normal,0,PredRedLPP,8,99.97701,3.533334,2.666667,0.1544149,0.1322218
157,Normal,0,PredRedLPP,7,99.96358,4,2.666667,0.1795779,0.158009
158,Normal,0,PredRedLPP,8,99.97022,4,2.666667,0.149775,0.124984
159,Normal,0,PredRedLPP,8,99.9668,3.428572,2.285714,0.1593097,0.1377103
160,Normal,0,PredRedLPP,8,99.96994,4,2.666667,0.1621727,0.1448218
161,Normal,0,PredRedLPP,8,99.9812,3.228571,2.666667,0.1530302,0.1956365
162,Normal,0,PredRedLPP,7,99.99095,3.533334,2.666667,0.166914,0.1487764
163,Normal,0,PredRedLPP,8,99.98379,3.333334,2.666667,0.1553134,0.1367876
164,Normal,0,PredRedLPP,8,99.97029,4,2.666667,0.1432124,0.1223045
165,Normal,0,PredRedLPP,8,99.96697,4,2.666667,0.1417271,0.1163446
166,Normal,0,PredRedLPP,8,99.97723,3.200001,2.666667,0.1487603,0.1246987
167,Normal,0,PredRedLPP,8,99.98203,4,2.666667,0.1465448,0.1272741
168,Normal,0,PredRedLPP,7,99.97281,4,2.285714,0.1597903,0.1377913
169,Normal,0,PredRedLPP,8,99.98214,4,2.666667,0.1454215,0.1199614
170,Normal,0,PredRedLPP,7,99.97957,4,2.285714,0.1549969,0.1284029
171,Normal,0,PredRedLPP,7,99.96576,4,2.666667,0.1869169,0.1678634
172,Normal,0,PredRedLPP,7,99.97828,3.428571,2.666667,0.1426395,0.1255332
173,Normal,0,PredRedLPP,8,99.96919,3.333334,2.285714,0.1510341,0.1264628
174,Normal,0,PredRedLPP,8,99.97234,4,2.666667,0.1865557,0.1713288
175,Normal,0,PredRedLPP,8,99.9641,4,2.666667,0.1457315,0.1347123
176,Normal,0,PredRedLPP,8,99.9725,3.800001,2.666667,0.1677757,0.1469355
177,Normal,0,PredRedLPP,7,99.97636,4,2.666667,0.1569833,0.1356152
178,Normal,0,PredRedLPP,8,99.96999,4,2.666667,0.165094,0.1503487
179,Normal,0,PredRedLPP,8,99.96811,4,2.666667,0.1631705,0.1910734
180,Normal,0,PredRedLPP,8,99.97585,3.428571,2.666667,0.1732778,0.2402756
181,Normal,0,PredRedLPP,7,99.98399,4,2.285714,0.1519424,0.1298484
182,Normal,0,PredRedLPP,8,99.97261,4,2.666667,0.1758456,0.1552093
183,Normal,0,PredRedLPP,7,99.96821,3.428571,2.666667,0.1532218,0.133357
184,Normal,0,PredRedLPP,8,99.97995,4,2.666667,0.1534524,0.1260771
185,Normal,0,PredRedLPP,11,99.99146,4,1.777778,0.07968666,0.03483318
186,Normal,0,PredRedLPP,8,99.97515,3.766667,2.666667,0.1538509,0.1331925
187,Normal,0,PredRedLPP,8,99.96906,3.800001,2.285714,0.1693727,0.1511041
188,Normal,0,PredRedLPP,8,99.98041,3.800001,2.666667,0.1756752,0.1703388
189,Normal,0,PredRedLPP,8,99.98887,3.100001,2.666667,0.1979205,0.1762051
190,Normal,0,PredRedLPP,8,99.97329,4,2.666667,0.1511391,0.1317232
191,Normal,0,PredRedLPP,7,99.96532,3.000001,2.666667,0.1939534,0.2455228
192,Normal,0,PredRedLPP,11,99.98424,4,2.666667,0.07931405,0.04218854
193,Normal,0,PredRedLPP,8,99.96472,4,2.666667,0.1589033,0.1445295
194,Normal,0,PredRedLPP,7,99.96428,4,2.666667,0.1908404,0.2342731
195,Normal,0,PredRedLPP,8,99.97253,3.428571,2.666667,0.1521305,0.1295169
196,Normal,0,PredRedLPP,8,99.97828,3.428572,2.666667,0.1574931,0.1321165
197,Normal,0,PredRedLPP,8,99.98,4,2.666667,0.1848449,0.1628786
198,Normal,0,PredRedLPP,7,99.97141,4,2.666667,0.1675943,0.145537
199,Normal,0,PredRedLPP,7,99.98177,3.333334,2.666667,0.2052324,0.1833824
200,Normal,0,PredRedLPP,7,99.97037,4,2.666667,0.1500466,0.1287922
201,Normal,0,PredRedLPP,8,99.97735,3.428572,2.666667,0.1413116,0.1183497
202,Normal,0,PredRedLPP,8,99.98315,4,2.666667,0.1457434,0.1179627
203,Normal,0,PredRedLPP,8,99.98282,4,2.285714,0.1494439,0.1265834
204,Normal,0,PredRedLPP,8,99.98098,3.428572,2.666667,0.1824828,0.2405259
205,Normal,0,PredRedLPP,8,99.97002,3.333334,2.666667,0.1568769,0.1395109
206,Normal,0,PredRedLPP,8,99.96948,3.000001,2.666667,0.1773931,0.2359425
207,Normal,0,PredRedLPP,7,99.97088,3.428572,2.666667,0.1464675,0.1245535
208,Normal,0,PredRedLPP,8,99.96746,4,2.666667,0.1748792,0.1513688
209,Normal,0,PredRedLPP,8,99.97498,4,2.666667,0.1575647,0.1356237
210,Normal,0,PredRedLPP,8,99.96777,2.6,2.666667,0.1946545,0.2583574
211,Normal,0,PredRedLPP,8,99.96905,4,2.666667,0.1797947,0.1603672
212,Normal,0,PredRedLPP,8,99.96927,4,2.666667,0.1468485,0.1221934
213,Normal,0,PredRedLPP,7,99.98241,3.766667,2.666667,0.1666667,0.1436802
214,Normal,0,PredRedLPP,7,99.96994,3.428572,2.666667,0.1546848,0.1335918
215,Normal,0,PredRedLPP,8,99.96458,4,2.666667,0.1606947,0.1376512
216,Normal,0,PredRedLPP,8,99.97756,4,2.666667,0.1448752,0.1185681
217,Normal,0,PredRedLPP,11,99.97633,4,2,0.08328892,0.04330645
218,Normal,0,PredRedLPP,8,99.97807,3.099999,2.285714,0.1890251,0.1693592
219,Normal,0,PredRedLPP,8,99.98007,4,2.666667,0.1795842,0.2389057
220,Normal,0,PredRedLPP,8,99.9691,4,2.666667,0.1505005,0.1239222
221,Normal,0,PredRedLPP,8,99.96362,4,2.666667,0.1654847,0.1483296
222,Normal,0,PredRedLPP,7,99.97132,4,2.666667,0.1415814,0.1207235
223,Normal,0,PredRedLPP,7,99.98614,4,2.666667,0.1961905,0.173272
224,Normal,0,PredRedLPP,8,99.97821,3.333332,2.285714,0.137693,0.1151046
225,Normal,0,PredRedLPP,8,99.97563,3.428572,2.666667,0.1800486,0.2223383
226,Normal,0,PredRedLPP,8,99.97742,3.333332,2.285714,0.1483303,0.1248446
227,Normal,0,PredRedLPP,7,99.97325,4,2.285714,0.169128,0.1541738
228,Normal,0,PredRedLPP,8,99.97877,2.866665,2.666667,0.1541212,0.1390476
229,Normal,0,PredRedLPP,7,99.96621,3.428572,2.285714,0.1562136,0.1377143
230,Normal,0,PredRedLPP,8,99.97706,3.200001,2.666667,0.1590589,0.1386816
231,Normal,0,PredRedLPP,8,99.96932,3.428572,2.285714,0.1553663,0.1328343
232,Normal,0,PredRedLPP,9,99.9789,2.857143,2.666667,0.1618188,0.2258578
233,Normal,0,PredRedLPP,7,99.98125,3.428571,2.666667,0.1531202,0.1299412
234,Normal,0,PredRedLPP,8,99.9783,4,2.666667,0.1661737,0.2132442
235,Normal,0,PredRedLPP,8,99.97714,4,2.666667,0.1617145,0.1453109
236,Normal,0,PredRedLPP,7,99.98943,3.766667,2.222222,0.2023941,0.1777426
237,Normal,0,PredRedLPP,8,99.96877,4,2.285714,0.1453991,0.1228055
238,Normal,0,PredRedLPP,7,99.98849,3.333334,2.666667,0.1378773,0.1188031
239,Normal,0,PredRedLPP,11,99.98109,4,1.777778,0.07754772,0.03382818
240,Normal,0,PredRedLPP,11,99.96599,3.428572,2.666667,0.08109415,0.05368478
241,Normal,0,PredRedLPP,8,99.97675,3.800001,2.666667,0.1747362,0.1640508
242,Normal,0,PredRedLPP,11,99.98882,4,1.52381,0.07901436,0.02960558
243,Normal,0,PredRedLPP,11,99.97533,3.428571,2.666667,0.07636656,0.04294392
244,Normal,0,PredRedLPP,11,99.97537,4,2.666667,0.07625167,0.04167528
245,Normal,0,PredRedLPP,7,99.97429,4,2.666667,0.1517857,0.1364423
246,Normal,0,PredRedLPP,8,99.982,4,2.666667,0.1497233,0.1248464
247,Normal,0,PredRedLPP,11,99.9791,4,2.222222,0.08246756,0.04396002
248,Normal,0,PredRedLPP,8,99.96745,4,2.666667,0.146727,0.1257775
249,Normal,0,PredRedLPP,8,99.97179,4,2.666667,0.1433033,0.1205777
250,Normal,0,PredRedLPP,7,99.97131,3.428572,2.666667,0.1524512,0.1333685
251,Normal,0,PredRedLPP,8,99.98155,4,2.666667,0.1415553,0.1124814
252,Normal,0,PredRedLPP,7,99.98074,4,2.666667,0.161075,0.1373994
253,Normal,0,PredRedLPP,8,99.97729,4,2.666667,0.1599912,0.1393886
254,Normal,0,PredRedLPP,8,99.98055,4,2.666667,0.1614195,0.1379494
255,Normal,0,PredRedLPP,8,99.97773,3.428571,2.666667,0.1550289,0.1397173
256,Normal,0,PredRedLPP,7,99.97845,3.533334,2.666667,0.1629747,0.1412507
257,Normal,0,PredRedLPP,8,99.97991,4,2.666667,0.135807,0.1173196
258,Normal,0,PredRedLPP,7,99.98832,3.533334,2.666667,0.1614457,0.1395766
259,Normal,0,PredRedLPP,8,99.98267,4,2.666667,0.1501375,0.1343168
260,Normal,0,PredRedLPP,7,99.9737,4,2.666667,0.1616375,0.1458714
261,Normal,0,PredRedLPP,7,99.97112,4,2.285714,0.1467835,0.1280024
262,Normal,0,PredRedLPP,7,99.97749,4,2.666667,0.1528114,0.1358659
263,Normal,0,PredRedLPP,8,99.97487,3.428572,2.666667,0.1926595,0.1669246
264,Normal,0,PredRedLPP,8,99.97253,3.428572,2.666667,0.1721291,0.2173747
265,Normal,0,PredRedLPP,8,99.98031,4,2.666667,0.1636529,0.1397405
266,Normal,0,PredRedLPP,8,99.98388,3.428571,2.666667,0.158585,0.1364527
267,Normal,0,PredRedLPP,8,99.97656,3.766667,2.666667,0.1475499,0.1235848
268,Normal,0,PredRedLPP,7,99.97047,3.428572,2.666667,0.1519723,0.1329069
269,Normal,0,PredRedLPP,8,99.97716,4,2.666667,0.1449302,0.1261746
270,Normal,0,PredRedLPP,7,99.96542,4,2.285714,0.1606343,0.1390073
271,Normal,0,PredRedLPP,8,99.97427,4,2.666667,0.1398681,0.1120246
272,Normal,0,PredRedLPP,8,99.98103,4,2.666667,0.1425826,0.1213213
273,Normal,0,PredRedLPP,8,99.96742,3.766667,2.222222,0.1530931,0.1305877
274,Normal,0,PredRedLPP,8,99.98326,4,2.666667,0.1422913,0.1184527
275,Normal,0,PredRedLPP,8,99.97324,4,2.222222,0.1526046,0.1312857
276,Normal,0,PredRedLPP,8,99.97226,3.800001,2.666667,0.1549073,0.1361288
277,Normal,0,PredRedLPP,8,99.96516,4,2.666667,0.1614117,0.1367299
278,Normal,0,PredRedLPP,7,99.97013,3.6,2.666667,0.163271,0.1444
279,Normal,0,PredRedLPP,8,99.97023,4,2.666667,0.1480123,0.1273336
280,Normal,0,PredRedLPP,7,99.97723,3.428572,2.666667,0.1461985,0.1251973
281,Normal,0,PredRedLPP,8,99.97401,4,2.285714,0.1399638,0.1168002
282,Normal,0,PredRedLPP,7,99.98585,4,2.666667,0.151313,0.1265134
283,Normal,0,PredRedLPP,8,99.96621,3.333332,2.285714,0.1604815,0.1361249
284,Normal,0,PredRedLPP,8,99.97147,4,2.285714,0.1566215,0.1314085
285,Normal,0,PredRedLPP,11,99.99129,4,2.222222,0.0836983,0.04145265
286,Normal,0,PredRedLPP,8,99.96805,4,2.285714,0.1459541,0.1198528
287,Normal,0,PredRedLPP,12,99.97914,4,2.666667,0.07832802,0.0343831
288,Normal,0,PredRedLPP,7,99.97289,4,2.285714,0.1638429,0.1389108
289,Normal,0,PredRedLPP,8,99.96531,4,2.666667,0.1562715,0.1353232
290,Normal,0,PredRedLPP,8,99.97072,4,2.222222,0.157844,0.1338094
291,Normal,0,PredRedLPP,8,99.98051,4,2.666667,0.1575868,0.1415212
292,Normal,0,PredRedLPP,7,99.9751,3.428572,2.666667,0.143203,0.1239692
293,Normal,0,PredRedLPP,8,99.96734,4,2.285714,0.1584534,0.1399478
294,Normal,0,PredRedLPP,8,99.96575,4,2.285714,0.1804776,0.1612218
295,Normal,0,PredRedLPP,8,99.98331,3.428572,2.666667,0.1519706,0.1285438
296,Normal,0,PredRedLPP,8,99.97786,4,2.222222,0.1605971,0.1382257
297,Normal,0,PredRedLPP,7,99.97349,3.228571,2.666667,0.158192,0.1400173
298,Normal,0,PredRedLPP,8,99.97739,3.428572,2.666667,0.1492587,0.1315774
299,Normal,0,PredRedLPP,8,99.98121,4,2.666667,0.1536258,0.1318012
300,Normal,0,ThomasAPF,8,99.99969,2.6,2.666667,0.04446682,0.02797739
301,Normal,0,ThomasAPF,8,99.97718,2.600001,2.666667,0.04275438,0.02329565
302,Normal,0,ThomasAPF,8,100.0055,2.600001,2.666667,0.04463196,0.02715547
303,Normal,0,ThomasAPF,7,99.9825,2.600001,2.666667,0.04100948,0.02563718
304,Normal,0,ThomasAPF,8,99.97826,2.600001,2.666667,0.04533336,0.02581359
305,Normal,0,ThomasAPF,7,99.99429,2.600001,2.666667,0.04092342,0.07501796
306,Normal,0,ThomasAPF,8,99.98024,2.600001,2.666667,0.04482761,0.05254516
307,Normal,0,ThomasAPF,8,99.99397,2.600001,2.666667,0.04297521,0.02203857
308,Normal,0,ThomasAPF,7,99.99908,2.6,2.285714,0.0411827,0.06677733
309,Normal,0,ThomasAPF,7,99.97864,2.600001,2.666667,0.04288662,0.01947963
310,Normal,0,ThomasAPF,8,99.9893,2.600001,2.666667,0.04547327,0.02743485
311,Normal,0,ThomasAPF,8,99.97571,2.600001,2.285714,0.04257933,0.01910611
312,Normal,0,ThomasAPF,8,99.99284,2.600001,2.666667,0.04262296,0.05841794
313,Normal,0,ThomasAPF,8,99.98167,2.600001,2.666667,0.04219069,0.08358294
314,Normal,0,ThomasAPF,7,99.98866,2.600001,2.666667,0.0409664,0.08870221
315,Normal,0,ThomasAPF,8,99.98197,2.600001,2.666667,0.04297522,0.03423849
316,Normal,0,ThomasAPF,8,99.99135,2.600001,2.666667,0.0430642,0.03667555
317,Normal,0,ThomasAPF,7,99.98691,2.600001,2.666667,0.04100948,0.02403485
318,Normal,0,ThomasAPF,7,99.98911,2.600001,2.666667,0.04118269,0.04103183
319,Normal,0,ThomasAPF,8,99.97063,2.600001,2.666667,0.04514812,0.03359437
320,Normal,0,ThomasAPF,7,99.98324,2.6,2.666667,0.04092342,0.02398441
321,Normal,0,ThomasAPF,7,99.98867,2.6,2.666667,0.04041452,0.06645291
322,Normal,0,ThomasAPF,8,99.98884,2.600001,2.222222,0.03915664,0.03212852
323,Normal,0,ThomasAPF,8,99.96932,2.600001,2.666667,0.04433301,0.04699814
324,Normal,0,ThomasAPF,8,100.0008,2.600001,2.666667,0.04547327,0.02304527
325,Normal,0,ThomasAPF,8,99.98531,2.600001,2.285714,0.0426539,0.08039754
326,Normal,0,ThomasAPF,7,99.97892,2.600001,2.666667,0.04144529,0.01983705
327,Normal,0,ThomasAPF,8,99.98028,2.6,2.666667,0.0430642,0.01932367
328,Normal,0,ThomasAPF,8,99.97127,2.6,2.666667,0.04310883,0.03908217
329,Normal,0,ThomasAPF,8,99.98901,2.6,2.285714,0.04297522,0.02387512
330,Normal,0,S2C,9,99.96774,0,2.666667,0,0.02166065
331,Normal,0,S2C,9,99.96728,0,2.666667,0,0.02395927
332,Normal,0,S2C,8,99.9762,0,2.666667,0,0.01964395
333,Normal,0,S2C,10,99.97129,0,2.666667,0,0.06204151
334,Normal,0,S2C,9,99.97692,0,2.666667,0,0.02181818
335,Normal,0,S2C,10,99.98363,0,2.666667,0,0.03734827
336,Normal,0,S2C,9,99.97948,0,2.666667,0,0.04824043
337,Normal,0,S2C,10,99.97919,0,2.666667,0,0.05374526
338,Normal,0,S2C,9,99.96988,0,2.666667,0,0.02166065
339,Normal,0,S2C,9,99.97817,0,2.666667,0,0.03220281
340,Normal,0,S2C,9,99.97759,0,2.666667,0,0.02197152
341,Normal,0,S2C,10,99.97803,0,2.666667,0,0.06901561
342,Normal,0,S2C,9,99.97759,0,2.666667,0,0.05518103
343,Normal,0,S2C,9,99.96606,0,2.666667,0,0.06394122
344,Normal,0,S2C,9,99.96872,0,2.666667,0,0.06572091
345,Normal,0,S2C,9,99.97849,0,2.666667,0,0.03978087
346,Normal,0,S2C,9,99.96655,0,2.666667,0,0.01920192
347,Normal,0,S2C,9,99.95341,0,2.666667,0,0.02144772
348,Normal,0,S2C,9,99.9752,0,2.666667,0,0.06099778
349,Normal,0,S2C,9,99.96557,0,2.666667,0,0.02148612
350,Normal,0,S2C,9,99.97759,0,2.666667,0,0.06202213
351,Normal,0,S2C,9,99.98139,0,2.666667,0,0.04561897
352,Normal,0,S2C,9,99.97762,0,2.666667,0,0.0250805
353,Normal,0,S2C,9,99.97026,0,2.666667,0,0.07316976
354,Normal,0,S2C,9,99.96586,0,2.666667,0,0.02694292
355,Normal,0,S2C,9,99.96527,0,2.666667,0,0.04362575
356,Normal,0,S2C,9,99.98221,0,2.666667,0,0.0260392
357,Normal,0,S2C,9,99.97941,0,2.666667,0,0.06349211
358,Normal,0,S2C,9,99.96733,0,2.666667,0,0.02135231
359,Normal,0,S2C,9,99.97031,0,2.666667,0,0.04963115
360,Normal,0,None,10,99.97408,0,1.333333,0,0.001183082
361,Normal,0,None,11,99.97426,0,0,0,0
362,Normal,0,None,10,99.97152,0,0,0,0
363,Normal,0,None,10,99.96887,0,0,0,0
364,Normal,0,None,11,99.97585,0,0,0,0
365,Normal,0,None,11,99.98257,0,0,0,0
366,Normal,0,None,11,99.97448,0,0,0,0
367,Normal,0,None,11,99.97668,0,0,0,0
368,Normal,0,None,11,99.97134,0,0,0,0
369,Normal,0,None,10,99.96796,0,0,0,0
370,Normal,0,None,11,99.98283,0,0,0,0
371,Normal,0,None,11,99.98207,0,0,0,0
372,Normal,0,None,10,99.97549,0,0,0,0
373,Normal,0,None,10,99.97392,0,0,0,0
374,Normal,0,None,11,99.97946,0,0,0,0
375,Normal,0,None,10,99.96629,0,0,0,0
376,Normal,0,None,10,99.97581,0,0,0,0
377,Normal,0,None,10,99.97711,0,0,0,0
378,Normal,0,None,10,99.9785,0,0,0,0
379,Normal,0,None,11,99.98087,0,0,0,0
380,Normal,0,None,11,99.98166,0,0,0,0
381,Normal,0,None,10,99.97664,0,0,0,0
382,Normal,0,None,10,99.98235,0,0,0,0
383,Normal,0,None,10,99.97959,0,0,0,0
384,Normal,0,None,10,99.97642,0,0,0,0
385,Normal,0,None,11,99.98298,0,0,0,0
386,Normal,0,None,10,99.98055,0,0,0,0
387,Normal,0,None,10,99.97914,0,0,0,0
388,Normal,0,None,10,99.98226,0,0,0,0
389,Normal,0,None,10,99.98145,0,0,0,0
390,Normal,0,PredRedLPP,10,99.97923,3.428571,2.666667,0.09006969,0.07411097
390,Normal,1,PredRedLPP,9,99.99552,4,11.33333,0.1049361,0.09211328
391,Normal,0,PredRedLPP,9,99.97341,4,2.666667,0.1209876,0.1022107
391,Normal,1,PredRedLPP,9,99.99948,3.800001,2.666667,0.1149501,0.1087186
392,Normal,0,PredRedLPP,7,100.0015,4,2.666667,0.1370638,0.1243482
392,Normal,1,PredRedLPP,8,99.96877,4,2.666667,0.1005415,0.08899206
393,Normal,0,PredRedLPP,10,99.96858,4,2.666667,0.09310246,0.07994963
393,Normal,1,PredRedLPP,9,100.0053,3.428572,2.666667,0.1185248,0.1218147
394,Normal,0,PredRedLPP,8,100.0169,3.066667,2.666667,0.1773088,0.2234457
394,Normal,1,PredRedLPP,8,99.97433,4,2.666667,0.1433027,0.123198
395,Normal,0,PredRedLPP,9,99.97648,4,2.666667,0.1248691,0.1068451
395,Normal,1,PredRedLPP,9,100.0019,4,2.666667,0.1869109,0.1616998
396,Normal,0,PredRedLPP,11,99.97,3.428572,2.666667,0.112414,0.08935031
396,Normal,1,PredRedLPP,9,100.0012,4,2.666667,0.1111478,0.1000354
397,Normal,0,PredRedLPP,9,99.98641,4,2.666667,0.09260907,0.08067957
397,Normal,1,PredRedLPP,8,100.0031,4,2.666667,0.1137429,0.1019379
398,Normal,0,PredRedLPP,8,100.009,3.333334,2.666667,0.1261629,0.09667728
398,Normal,1,PredRedLPP,9,99.98356,4,2.666667,0.1260444,0.1361271
399,Normal,0,PredRedLPP,8,99.96692,3.428572,2.666667,0.1295807,0.1717277
399,Normal,1,PredRedLPP,8,100.0004,4,2.666667,0.1730677,0.1995055
400,Normal,0,PredRedLPP,8,99.9918,4,2.285714,0.1469975,0.1307189
400,Normal,1,PredRedLPP,8,100.0008,3.428572,2.666667,0.1645746,0.1642741
401,Normal,0,PredRedLPP,10,99.98248,4,2.666667,0.1066104,0.09478264
401,Normal,1,PredRedLPP,7,100.017,4,2.666667,0.1332771,0.1082312
402,Normal,0,PredRedLPP,7,100.0076,3.428572,2.666667,0.1369036,0.1214958
402,Normal,1,PredRedLPP,8,99.98029,3.428572,2.666667,0.1792538,0.2209225
403,Normal,0,PredRedLPP,9,99.96994,4,2.666667,0.119775,0.08909193
403,Normal,1,PredRedLPP,7,100.0017,4,2.666667,0.08962191,0.0749387
404,Normal,0,PredRedLPP,8,100.0013,3.3,2.666667,0.1807952,0.2497046
404,Normal,1,PredRedLPP,7,99.96539,3.333334,1.904762,0.144526,0.1207514
405,Normal,0,PredRedLPP,10,99.97834,4,2.666667,0.1018933,0.08581811
405,Normal,1,PredRedLPP,10,99.9999,4,2.666667,0.137751,0.1282409
406,Normal,0,PredRedLPP,9,99.98277,4,2.666667,0.159324,0.1425796
406,Normal,1,PredRedLPP,8,100.0068,4,2.285714,0.1657925,0.1473416
407,Normal,0,PredRedLPP,9,99.97685,4,2.666667,0.1120162,0.09116671
407,Normal,1,PredRedLPP,9,100.0029,4,2.666667,0.1234546,0.1025556
408,Normal,0,PredRedLPP,9,99.97752,4,2.666667,0.1152621,0.09985523
408,Normal,1,PredRedLPP,9,100.0026,4,2.666667,0.1125977,0.10183
409,Normal,0,PredRedLPP,11,99.97394,3.428571,2.666667,0.1153996,0.1040697
409,Normal,1,PredRedLPP,9,99.99947,3.428571,2.666667,0.1123364,0.09563594
410,Normal,0,PredRedLPP,8,99.99992,4,2.444445,0.08276466,0.06571404
410,Normal,1,PredRedLPP,9,99.96403,4,2.666667,0.1137191,0.08526713
411,Normal,0,PredRedLPP,9,99.99848,4,2.666667,0.09574156,0.08542062
411,Normal,1,PredRedLPP,9,99.96916,4,2.285714,0.09950071,0.07277817
412,Normal,0,PredRedLPP,8,100.003,4,2.222222,0.1582079,0.1399525
412,Normal,1,PredRedLPP,7,99.99629,4,2.666667,0.1523545,0.133615
413,Normal,0,PredRedLPP,8,99.98038,3.428571,2.666667,0.1427706,0.1621615
413,Normal,1,PredRedLPP,8,100.0008,4,2.666667,0.1004541,0.0956706
414,Normal,0,PredRedLPP,9,99.97952,4,2.444445,0.0942365,0.07628103
414,Normal,1,PredRedLPP,8,100.0007,3.428572,2.666667,0.09554365,0.07367798
415,Normal,0,PredRedLPP,9,100.0017,4,2.666667,0.1452465,0.127543
415,Normal,1,PredRedLPP,9,99.97337,4,2.666667,0.1700118,0.155142
416,Normal,0,PredRedLPP,11,99.97971,3.428572,2.666667,0.1186868,0.09764352
416,Normal,1,PredRedLPP,8,100.0032,4,2.666667,0.0818762,0.07654998
417,Normal,0,PredRedLPP,8,100.0019,4,2.666667,0.1224212,0.09828551
417,Normal,1,PredRedLPP,10,99.97626,4,2.666667,0.08877522,0.08433134
418,Normal,0,PredRedLPP,8,100.0028,3.099999,2.666667,0.1563133,0.1425499
418,Normal,1,PredRedLPP,7,99.99032,4,2.666667,0.1638709,0.1385122
419,Normal,0,PredRedLPP,8,100.0131,4,2.666667,0.1566258,0.1276513
419,Normal,1,PredRedLPP,9,99.97827,3.333334,2.666667,0.1070053,0.1177105
420,Normal,0,PredRedLPP,10,99.97652,4,2.666667,0.1168513,0.09726789
420,Normal,1,PredRedLPP,8,100.0012,4,2.666667,0.09184425,0.07496721
421,Normal,0,PredRedLPP,8,99.96351,4,2.666667,0.1400905,0.1221002
421,Normal,1,PredRedLPP,7,100.0132,3.428571,2.666667,0.1475717,0.1377289
422,Normal,0,PredRedLPP,9,99.9771,3.428572,2.666667,0.1704028,0.1538933
422,Normal,1,PredRedLPP,8,100.0022,4,2.666667,0.1130765,0.08762129
423,Normal,0,PredRedLPP,9,100.004,3.333334,2.666667,0.09849157,0.07633699
423,Normal,1,PredRedLPP,9,99.97031,3.428572,2.666667,0.1204039,0.09622402
424,Normal,0,PredRedLPP,8,99.97408,4,2.666667,0.1452944,0.1247619
424,Normal,1,PredRedLPP,8,100.002,4,2.476191,0.1347273,0.1124964
425,Normal,0,PredRedLPP,8,99.97395,4,2.666667,0.1346428,0.1106576
425,Normal,1,PredRedLPP,8,100.0008,3.428571,2.666667,0.09571426,0.07709752
426,Normal,0,PredRedLPP,8,99.97018,4,2.666667,0.1132668,0.1001022
426,Normal,1,PredRedLPP,8,100.0052,4,2.666667,0.0864914,0.1652982
427,Normal,0,PredRedLPP,9,99.97568,4,2.666667,0.1080738,0.08320979
427,Normal,1,PredRedLPP,8,100.0013,4,2.666667,0.1023068,0.08826277
428,Normal,0,PredRedLPP,7,100.0008,3.333332,2.666667,0.08625387,0.0752541
428,Normal,1,PredRedLPP,9,99.97738,3.428572,2.666667,0.0980216,0.09221199
429,Normal,0,PredRedLPP,8,99.99987,4,2.666667,0.08707359,0.07802574
429,Normal,1,PredRedLPP,8,99.96969,4,2.666667,0.1105326,0.09341427
430,Normal,0,PredRedLPP,8,99.99852,4,2.666667,0.1596771,0.1388421
430,Normal,1,PredRedLPP,8,99.96709,3.428571,2.666667,0.1862194,0.2480164
431,Normal,0,PredRedLPP,9,100.0038,4,2.666667,0.1784127,0.148478
431,Normal,1,PredRedLPP,9,99.96831,4,2.666667,0.2413483,0.2188692
432,Normal,0,PredRedLPP,9,100.0179,4,2.666667,0.1202033,0.1144869
432,Normal,1,PredRedLPP,11,99.97607,4,2.666667,0.1099249,0.08372057
433,Normal,0,PredRedLPP,9,99.97758,4,2.666667,0.08041595,0.07933757
433,Normal,1,PredRedLPP,8,100.0006,4,2.666667,0.1084344,0.1009491
434,Normal,0,PredRedLPP,9,99.97872,4,2.666667,0.1106885,0.09356438
434,Normal,1,PredRedLPP,8,100.0116,4,2.666667,0.1481993,0.1268744
435,Normal,0,PredRedLPP,10,100.0044,4,2.666667,0.1568141,0.1442338
435,Normal,1,PredRedLPP,9,99.97334,4,2.666667,0.1102065,0.09973311
436,Normal,0,PredRedLPP,11,99.9862,3.428571,2.666667,0.1695664,0.1360319
436,Normal,1,PredRedLPP,11,100.0029,2.857143,2.666667,0.1148854,0.09626385
437,Normal,0,PredRedLPP,8,99.99954,4,2.666667,0.07184304,0.1678425
437,Normal,1,PredRedLPP,7,99.97704,3.428572,2.666667,0.1576366,0.1361552
438,Normal,0,PredRedLPP,9,99.99957,3.428571,2.666667,0.1087384,0.09197533
438,Normal,1,PredRedLPP,9,99.98606,4,2.666667,0.1249421,0.1025132
439,Normal,0,PredRedLPP,8,100.0015,4,2.666667,0.1141735,0.09572738
439,Normal,1,PredRedLPP,8,99.96371,4,2.666667,0.1408583,0.1196448
440,Normal,0,PredRedLPP,9,99.97314,4,2.666667,0.1218515,0.1151331
440,Normal,1,PredRedLPP,9,100.0002,4,2.222222,0.1081455,0.08278587
441,Normal,0,PredRedLPP,10,99.96301,4,2.666667,0.1121854,0.08831807
441,Normal,1,PredRedLPP,9,100.0028,4,2.666667,0.09306513,0.08563619
442,Normal,0,PredRedLPP,7,100.011,4,2.666667,0.1015219,0.09071923
442,Normal,1,PredRedLPP,8,99.96844,4,2.666667,0.1163831,0.09945007
443,Normal,0,PredRedLPP,8,100.0007,4,2.666667,0.08730575,0.07974201
443,Normal,1,PredRedLPP,9,99.97952,4,2.666667,0.1352682,0.1326019
444,Normal,0,PredRedLPP,8,99.96378,4,2.666667,0.1533578,0.1331464
444,Normal,1,PredRedLPP,7,100.0049,3.333334,2.666667,0.1433302,0.1247646
445,Normal,0,PredRedLPP,8,99.98253,3.428571,2.222222,0.0984468,0.07435857
445,Normal,1,PredRedLPP,8,99.99986,4,2.666667,0.1089435,0.1017238
446,Normal,0,PredRedLPP,10,99.98286,3.428571,2.666667,0.0994924,0.07807055
446,Normal,1,PredRedLPP,7,100.004,4,2.666667,0.08697122,0.08041256
447,Normal,0,PredRedLPP,10,99.99863,4,2.666667,0.1070454,0.09027863
447,Normal,1,PredRedLPP,11,99.98409,4,2.666667,0.1181844,0.09860631
448,Normal,0,PredRedLPP,10,99.97466,4,2.666667,0.1899914,0.1759044
448,Normal,1,PredRedLPP,10,100.0021,4,2.666667,0.1697029,0.1402962
449,Normal,0,PredRedLPP,10,99.97581,3.6,2.666667,0.1845934,0.1748215
449,Normal,1,PredRedLPP,8,100.0052,4,2.666667,0.1037801,0.08224513
450,Normal,0,PredRedLPP,9,99.99879,3.428572,2.666667,0.1059418,0.09283879
450,Normal,1,PredRedLPP,9,99.97157,4,2.666667,0.1070113,0.1033302
451,Normal,0,PredRedLPP,9,100.0119,4,2.666667,0.1385237,0.140749
451,Normal,1,PredRedLPP,10,99.97027,4,2.666667,0.09551559,0.1015329
452,Normal,0,PredRedLPP,9,100.0019,4,2.666667,0.1134594,0.109202
452,Normal,1,PredRedLPP,10,99.97036,4,2.666667,0.09673537,0.1040201
453,Normal,0,PredRedLPP,9,99.96856,3.333334,2.666667,0.1105201,0.0862997
453,Normal,1,PredRedLPP,7,100.0023,4,2.285714,0.08184734,0.06816392
454,Normal,0,PredRedLPP,8,99.95954,4,2.666667,0.08573139,0.06760309
454,Normal,1,PredRedLPP,8,100.0093,4,2.666667,0.1308667,0.1195044
455,Normal,0,PredRedLPP,8,100.0007,4,2.285714,0.1315204,0.1141187
455,Normal,1,PredRedLPP,9,99.97242,3.428571,2.666667,0.1064912,0.07852967
456,Normal,0,PredRedLPP,8,100.0014,4,2.666667,0.1390049,0.1286924
456,Normal,1,PredRedLPP,8,99.98139,3.428571,2.666667,0.09569075,0.07527941
457,Normal,0,PredRedLPP,13,99.97282,4,2.666667,0.1103896,0.09693879
457,Normal,1,PredRedLPP,11,100.0003,4,2.285714,0.1198052,0.09657806
458,Normal,0,PredRedLPP,9,99.97203,4,2.666667,0.1203281,0.09595224
458,Normal,1,PredRedLPP,8,100.01,4,2.666667,0.1239602,0.09568445
459,Normal,0,PredRedLPP,8,99.96312,3.428571,2.666667,0.1791407,0.1622463
459,Normal,1,PredRedLPP,8,100.0004,4,2.666667,0.1050074,0.09396828
460,Normal,0,PredRedLPP,8,100.0057,4,2.666667,0.0748264,0.06310628
460,Normal,1,PredRedLPP,9,99.97563,4,2.666667,0.1028604,0.07947533
461,Normal,0,PredRedLPP,9,99.98718,4,2.666667,0.1250732,0.09774877
461,Normal,1,PredRedLPP,9,100.0079,4,2.666667,0.09338021,0.08569758
462,Normal,0,PredRedLPP,9,99.96992,4,2.666667,0.09164483,0.07436058
462,Normal,1,PredRedLPP,9,100.0057,4,2.666667,0.09280933,0.09116241
463,Normal,0,PredRedLPP,11,99.97202,4,2.666667,0.09991619,0.08116127
463,Normal,1,PredRedLPP,9,99.99986,3.333334,2.666667,0.1202011,0.09409387
464,Normal,0,PredRedLPP,9,99.97896,4,2.666667,0.1053073,0.08737852
464,Normal,1,PredRedLPP,9,100.0013,3.428571,2.666667,0.109721,0.08178451
465,Normal,0,PredRedLPP,10,100.0026,4,2.666667,0.1118261,0.1124086
465,Normal,1,PredRedLPP,10,99.95222,3.428571,2.666667,0.1110145,0.1028848
466,Normal,0,PredRedLPP,9,100.002,4,2.222222,0.1121056,0.09321642
466,Normal,1,PredRedLPP,10,99.97945,4,2.666667,0.1022949,0.08545749
467,Normal,0,PredRedLPP,9,100.0009,4,2.666667,0.127035,0.1311151
467,Normal,1,PredRedLPP,9,99.98244,4,2.666667,0.1031491,0.09789775
468,Normal,0,PredRedLPP,9,100.0035,4,2.666667,0.1147891,0.092102
468,Normal,1,PredRedLPP,9,99.96371,3.428572,2.666667,0.1704135,0.1614262
469,Normal,0,PredRedLPP,9,99.99895,4,2.666667,0.09289454,0.1053215
469,Normal,1,PredRedLPP,9,99.97398,4,2.222222,0.0964514,0.07878338
470,Normal,0,PredRedLPP,8,100.0023,3.333334,2.666667,0.1197694,0.09978097
470,Normal,1,PredRedLPP,11,99.97429,4,2.666667,0.1614451,0.1431771
471,Normal,0,PredRedLPP,9,99.97227,4,2.666667,0.1147068,0.08937171
471,Normal,1,PredRedLPP,9,100.0003,4,2.666667,0.1010315,0.08083872
472,Normal,0,PredRedLPP,9,99.99995,4,2.666667,0.1094307,0.08587883
472,Normal,1,PredRedLPP,9,99.98138,4,2.666667,0.122175,0.1029251
473,Normal,0,PredRedLPP,8,100.0014,4,2.666667,0.08740479,0.07543173
473,Normal,1,PredRedLPP,9,99.97092,4,2.285714,0.1285295,0.1233577
474,Normal,0,PredRedLPP,12,99.97755,4,2.666667,0.1632675,0.1461001
474,Normal,1,PredRedLPP,8,100.015,4,2.222222,0.1039427,0.06491001
475,Normal,0,PredRedLPP,9,100.0046,4,2.666667,0.1139896,0.08586237
475,Normal,1,PredRedLPP,9,99.97362,3.428572,2.285714,0.09907886,0.077638
476,Normal,0,PredRedLPP,8,100.0002,3.428572,2.666667,0.08412418,0.07593385
476,Normal,1,PredRedLPP,9,99.97867,3.428571,2.666667,0.112478,0.09060732
477,Normal,0,PredRedLPP,8,99.97583,4,2.666667,0.1478078,0.1246389
477,Normal,1,PredRedLPP,7,100.0015,4,2.666667,0.1502617,0.1270299
478,Normal,0,PredRedLPP,10,100.0001,4,2.666667,0.1354804,0.1302916
478,Normal,1,PredRedLPP,10,99.97737,4,2.666667,0.1287788,0.08621043
479,Normal,0,PredRedLPP,10,99.97421,4,2.222222,0.1055649,0.08355688
479,Normal,1,PredRedLPP,9,100.0014,4,2.666667,0.1658797,0.1505394
480,Normal,0,PredRedLPP,9,99.97089,3.428572,2.666667,0.1396853,0.1268371
480,Normal,1,PredRedLPP,9,99.99986,4,2.666667,0.1133867,0.09600137
481,Normal,0,PredRedLPP,9,99.97738,4,2.666667,0.1285548,0.1013986
481,Normal,1,PredRedLPP,8,100.0006,3.333332,2.666667,0.100408,0.0774781
482,Normal,0,PredRedLPP,8,99.99997,4,2.666667,0.1130507,0.1011814
482,Normal,1,PredRedLPP,7,99.98717,4,2.666667,0.179665,0.1653695
483,Normal,0,PredRedLPP,9,99.99957,4,2.666667,0.11863,0.09591856
483,Normal,1,PredRedLPP,9,99.97884,4,2.666667,0.1335695,0.1188859
484,Normal,0,PredRedLPP,9,99.97316,4,2.666667,0.1231127,0.1037221
484,Normal,1,PredRedLPP,8,100.0006,3.428572,2.666667,0.1104447,0.0920414
485,Normal,0,PredRedLPP,8,100.0079,4,2.666667,0.141799,0.1211711
485,Normal,1,PredRedLPP,9,99.97364,4,2.666667,0.1430518,0.1556544
486,Normal,0,PredRedLPP,10,99.9817,4,2.666667,0.1261198,0.110751
486,Normal,1,PredRedLPP,8,100.003,4,2.666667,0.09691679,0.08426827
487,Normal,0,PredRedLPP,8,99.97371,4,2.666667,0.1773528,0.1495822
487,Normal,1,PredRedLPP,7,100.0004,3.066667,2.666667,0.1704918,0.2294967
488,Normal,0,PredRedLPP,11,99.98164,4,2.666667,0.105393,0.09157719
488,Normal,1,PredRedLPP,8,99.99973,3.428572,2.666667,0.1025817,0.08163267
489,Normal,0,PredRedLPP,9,99.99813,4,2.666667,0.08315729,0.07042253
489,Normal,1,PredRedLPP,9,99.96103,4,2.666667,0.1200117,0.10351
490,Normal,0,PredRedLPP,9,99.99993,4,2.666667,0.08821205,0.0720329
490,Normal,1,PredRedLPP,10,99.99377,3.428572,2.666667,0.1016921,0.08578414
491,Normal,0,PredRedLPP,8,100.0016,4,2.666667,0.09862211,0.0983485
491,Normal,1,PredRedLPP,9,99.98197,4,2.666667,0.1409557,0.1530623
492,Normal,0,PredRedLPP,8,100.0179,4,2.666667,0.1126743,0.09817756
492,Normal,1,PredRedLPP,11,99.98224,4,2.666667,0.1304152,0.1110577
493,Normal,0,PredRedLPP,10,99.97,4,2.285714,0.09538373,0.0754137
493,Normal,1,PredRedLPP,9,99.99796,4,2.666667,0.1058623,0.0980162
494,Normal,0,PredRedLPP,9,99.97487,4,2.666667,0.1087781,0.09168857
494,Normal,1,PredRedLPP,8,100.0019,3.428572,2.666667,0.1594467,0.143371
495,Normal,0,PredRedLPP,8,99.9795,4,2.666667,0.1555153,0.1403273
495,Normal,1,PredRedLPP,7,100.0077,4,2.666667,0.1527953,0.1339493
496,Normal,0,PredRedLPP,8,99.97414,3.428572,2.666667,0.140302,0.1072175
496,Normal,1,PredRedLPP,8,99.9997,4,2.666667,0.1144018,0.1009347
497,Normal,0,PredRedLPP,7,100.0006,3.428572,2.285714,0.08953557,0.08678368
497,Normal,1,PredRedLPP,9,99.96915,3.428571,2.285714,0.121164,0.1047563
498,Normal,0,PredRedLPP,7,99.96021,4,2.666667,0.1276918,0.1164118
498,Normal,1,PredRedLPP,8,100.0018,4,2.666667,0.09839243,0.0786863
499,Normal,0,PredRedLPP,8,100.0012,3.333334,2.666667,0.1558551,0.1439268
499,Normal,1,PredRedLPP,8,99.98329,4,2.666667,0.1714285,0.1519018
500,Normal,0,PredRedLPP,7,100.0011,4,2.444445,0.0861087,0.07077804
500,Normal,1,PredRedLPP,9,99.96596,4,1.904762,0.1368421,0.1075914
501,Normal,0,PredRedLPP,9,100.0044,3.428572,2.666667,0.205797,0.1714714
501,Normal,1,PredRedLPP,10,99.96473,4,2.666667,0.127592,0.1301163
502,Normal,0,PredRedLPP,9,99.99946,4,2.666667,0.08598948,0.06705032
502,Normal,1,PredRedLPP,10,99.98499,4,2.666667,0.09246934,0.1443194
503,Normal,0,PredRedLPP,8,100.0001,4,2.666667,0.1096748,0.1013647
503,Normal,1,PredRedLPP,11,99.96742,3.333334,2.666667,0.1683918,0.1453216
504,Normal,0,PredRedLPP,7,100.0012,3.428571,2.666667,0.08189157,0.0681057
504,Normal,1,PredRedLPP,9,99.96787,4,2.476191,0.0980392,0.09975286
505,Normal,0,PredRedLPP,10,99.97238,4,2.666667,0.1245509,0.1005608
505,Normal,1,PredRedLPP,8,99.99833,3.428572,2.666667,0.1008839,0.07707038
506,Normal,0,PredRedLPP,10,99.97189,4,2.666667,0.1138397,0.1008319
506,Normal,1,PredRedLPP,9,100.0039,4,2.666667,0.1120675,0.08776376
507,Normal,0,PredRedLPP,9,100.0144,4,2.666667,0.1148306,0.1032248
507,Normal,1,PredRedLPP,10,99.97871,4,2.666667,0.1145378,0.09271687
508,Normal,0,PredRedLPP,9,100.0025,3.333332,2.666667,0.1276746,0.1422313
508,Normal,1,PredRedLPP,9,99.9718,4,2.666667,0.1260831,0.09515388
509,Normal,0,PredRedLPP,9,99.99972,3.428572,2.666667,0.1320069,0.1390125
509,Normal,1,PredRedLPP,9,99.97604,4,2.666667,0.1937716,0.1690011
510,Normal,0,PredRedLPP,10,99.96707,4,2.666667,0.1174906,0.1022041
510,Normal,1,PredRedLPP,8,100.0155,4,2.666667,0.1051749,0.09876788
511,Normal,0,PredRedLPP,8,100,4,2.666667,0.09234957,0.09232208
511,Normal,1,PredRedLPP,10,99.97593,4,2.666667,0.112305,0.09127675
512,Normal,0,PredRedLPP,8,100.0033,4,2.666667,0.1134399,0.09002793
512,Normal,1,PredRedLPP,8,99.97327,4,2.666667,0.1763766,0.1576025
513,Normal,0,PredRedLPP,7,100.0131,4,2.666667,0.1445576,0.1253396
513,Normal,1,PredRedLPP,8,99.96877,2.857143,2.666667,0.1787058,0.2144987
514,Normal,0,PredRedLPP,8,100.0014,4,2.666667,0.1305307,0.1124003
514,Normal,1,PredRedLPP,8,99.96307,4,2.666667,0.1187239,0.09623761
515,Normal,0,PredRedLPP,8,99.97672,4,2.666667,0.1597531,0.1343327
515,Normal,1,PredRedLPP,7,100.0005,4,2.666667,0.1579542,0.1420341
516,Normal,0,PredRedLPP,8,99.97135,4,2.666667,0.1798046,0.1612711
516,Normal,1,PredRedLPP,7,100.0078,4,2.666667,0.1541858,0.1298462
517,Normal,0,PredRedLPP,8,100.0001,3.800001,2.666667,0.1335137,0.1110109
517,Normal,1,PredRedLPP,8,99.98233,4,2.666667,0.155816,0.1373982
518,Normal,0,PredRedLPP,8,99.99969,4,2.666667,0.1100087,0.1014547
518,Normal,1,PredRedLPP,9,99.9669,4,2.666667,0.09231213,0.07620155
519,Normal,0,PredRedLPP,8,100.0111,4,2.444445,0.1233524,0.1133339
519,Normal,1,PredRedLPP,8,99.97205,4,2.666667,0.1076782,0.0749253
520,Normal,0,PredRedLPP,10,100.0009,4,2.666667,0.1463261,0.1714497
520,Normal,1,PredRedLPP,11,99.98447,3.333332,2.666667,0.09740617,0.0771576
521,Normal,0,PredRedLPP,8,99.96648,4,2.666667,0.1616997,0.2101394
521,Normal,1,PredRedLPP,8,99.99832,4,2.666667,0.1791144,0.2647402
522,Normal,0,PredRedLPP,9,99.99843,3.428571,2.285714,0.1305944,0.1039516
522,Normal,1,PredRedLPP,9,99.99602,3.428571,2.666667,0.1085664,0.09408368
523,Normal,0,PredRedLPP,8,99.96748,4,2.666667,0.1544944,0.1387939
523,Normal,1,PredRedLPP,7,100.0115,3.428571,2.666667,0.1475752,0.1320705
524,Normal,0,PredRedLPP,9,99.97719,4,2.666667,0.1128655,0.0900028
524,Normal,1,PredRedLPP,9,100.0041,4,2.666667,0.09894737,0.1149541
525,Normal,0,PredRedLPP,9,100.0032,4,2.666667,0.09096682,0.08352368
525,Normal,1,PredRedLPP,9,99.98056,4,2.666667,0.1069182,0.09672236
526,Normal,0,PredRedLPP,10,100.002,4,2.666667,0.1067587,0.07757098
526,Normal,1,PredRedLPP,10,99.96718,4,2.666667,0.144291,0.1273293
527,Normal,0,PredRedLPP,10,99.97643,4,2.666667,0.09427838,0.07771951
527,Normal,1,PredRedLPP,8,100.0189,4,2.666667,0.1172787,0.1120193
528,Normal,0,PredRedLPP,9,99.9975,4,2.222222,0.1129919,0.08597305
528,Normal,1,PredRedLPP,9,99.9696,3.428572,2.666667,0.1094946,0.1034459
529,Normal,0,PredRedLPP,8,99.99944,4,2.666667,0.1752061,0.1734254
529,Normal,1,PredRedLPP,9,99.97222,4,2.666667,0.1323322,0.1111672
530,Normal,0,PredRedLPP,9,99.97118,4,2.222222,0.1267422,0.0931641
530,Normal,1,PredRedLPP,9,99.99844,4,2.666667,0.1047619,0.09700793
531,Normal,0,PredRedLPP,9,99.98082,4,2.285714,0.1087108,0.08810356
531,Normal,1,PredRedLPP,9,100.0006,4,2.666667,0.09889666,0.08777172
532,Normal,0,PredRedLPP,8,100.019,4,2.666667,0.09491226,0.08849907
532,Normal,1,PredRedLPP,9,99.97951,4,2.222222,0.1005264,0.07607912
533,Normal,0,PredRedLPP,8,100.0014,4,2.666667,0.1088607,0.1024943
533,Normal,1,PredRedLPP,8,99.96851,4,2.666667,0.09822182,0.08390024
534,Normal,0,PredRedLPP,9,99.97066,3.333334,2.666667,0.1328647,0.1048345
534,Normal,1,PredRedLPP,8,100.0216,4,2.666667,0.0906854,0.07297683
535,Normal,0,PredRedLPP,8,99.98117,4,2.666667,0.1093261,0.08257408
535,Normal,1,PredRedLPP,8,100.0029,3.428572,2.666667,0.1018652,0.08475162
536,Normal,0,PredRedLPP,10,99.97496,4,2.666667,0.09872341,0.08159406
536,Normal,1,PredRedLPP,8,100.0011,4,2.666667,0.07228369,0.06370821
537,Normal,0,PredRedLPP,10,99.96688,4,2.666667,0.1091266,0.1074605
537,Normal,1,PredRedLPP,9,100.0009,4,2.666667,0.09609658,0.07670398
538,Normal,0,PredRedLPP,10,99.97285,4,2.666667,0.09473383,0.07802314
538,Normal,1,PredRedLPP,9,100.0016,4,2.666667,0.1097068,0.09529775
539,Normal,0,PredRedLPP,9,99.96937,4,2.666667,0.09982014,0.08341902
539,Normal,1,PredRedLPP,9,100.0018,4,2.285714,0.09934052,0.08136351
540,Normal,0,PredRedLPP,9,100.0007,3.428572,2.666667,0.09841271,0.08043472
540,Normal,1,PredRedLPP,9,99.96687,4,2.666667,0.1945492,0.1846007
541,Normal,0,PredRedLPP,9,100.0034,4,2.666667,0.1368377,0.1142969
541,Normal,1,PredRedLPP,9,99.97125,3.333334,2.666667,0.08796947,0.06964009
542,Normal,0,PredRedLPP,10,100.0135,4,2.666667,0.1462366,0.1260914
542,Normal,1,PredRedLPP,11,99.96491,3.428572,2.666667,0.1295286,0.1154306
543,Normal,0,PredRedLPP,10,99.97336,4,2.666667,0.1640184,0.1279162
543,Normal,1,PredRedLPP,8,99.99931,4,2.666667,0.1484743,0.1395949
544,Normal,0,PredRedLPP,10,99.97466,4,2.666667,0.1062954,0.09548676
544,Normal,1,PredRedLPP,10,99.9705,4,2.666667,0.1455179,0.1364334
545,Normal,0,PredRedLPP,8,99.9979,3.428572,2.666667,0.07097362,0.1376605
545,Normal,1,PredRedLPP,8,99.99321,4,2.666667,0.162936,0.1340324
546,Normal,0,PredRedLPP,8,100.0033,4,2.666667,0.1330124,0.1194669
546,Normal,1,PredRedLPP,9,99.9796,4,2.666667,0.09829994,0.09731983
547,Normal,0,PredRedLPP,9,99.97575,4,2.666667,0.152788,0.1289743
547,Normal,1,PredRedLPP,7,99.99823,4,2.666667,0.0886825,0.08260187
548,Normal,0,PredRedLPP,11,99.98032,3.333332,2.666667,0.13734,0.1191828
548,Normal,1,PredRedLPP,12,100.0043,4,2.666667,0.1079577,0.0889843
549,Normal,0,PredRedLPP,9,99.98318,3.428572,2.666667,0.10821,0.08194843
549,Normal,1,PredRedLPP,8,99.99825,4,2.666667,0.1641427,0.1368202
550,Normal,0,PredRedLPP,8,100.0006,3.428572,2.666667,0.09551969,0.07401721
550,Normal,1,PredRedLPP,9,99.98366,4,2.666667,0.1749701,0.1538488
551,Normal,0,PredRedLPP,8,99.97072,4,2.666667,0.1022103,0.09222279
551,Normal,1,PredRedLPP,7,99.99936,3.428572,2.285714,0.1043011,0.07919443
552,Normal,0,PredRedLPP,8,99.97926,4,2.666667,0.1197429,0.1009227
552,Normal,1,PredRedLPP,7,100.0122,4,2.666667,0.1130701,0.1023219
553,Normal,0,PredRedLPP,8,100.0096,4,2.666667,0.1605004,0.1468205
553,Normal,1,PredRedLPP,9,99.96159,4,2.666667,0.1020554,0.08215956
554,Normal,0,PredRedLPP,8,100.0116,4,2.666667,0.1107948,0.09388242
554,Normal,1,PredRedLPP,9,99.96926,4,2.666667,0.1581765,0.155341
555,Normal,0,PredRedLPP,9,100.0006,4,2.285714,0.1028249,0.09308583
555,Normal,1,PredRedLPP,11,99.97952,3.428571,2.666667,0.1031638,0.08662902
556,Normal,0,PredRedLPP,8,99.9746,4,2.666667,0.1169895,0.1085547
556,Normal,1,PredRedLPP,8,100.0078,3.766667,2.666667,0.114407,0.08804542
557,Normal,0,PredRedLPP,11,99.97982,4,2.666667,0.1013889,0.09645503
557,Normal,1,PredRedLPP,9,100.0001,4,2.666667,0.1123889,0.098254
558,Normal,0,PredRedLPP,7,99.99902,4,2.285714,0.1674725,0.1494505
558,Normal,1,PredRedLPP,8,99.98464,4,2.666667,0.1390649,0.1141708
559,Normal,0,PredRedLPP,7,99.99929,3.428572,2.666667,0.1879598,0.1676424
559,Normal,1,PredRedLPP,8,99.97282,4,2.666667,0.1505198,0.1268677
560,Normal,0,PredRedLPP,9,100.0042,4,2.666667,0.1366956,0.133775
560,Normal,1,PredRedLPP,10,99.96982,4,2.666667,0.1128613,0.09093165
561,Normal,0,PredRedLPP,8,99.96899,3.428572,2.666667,0.09912599,0.07873362
561,Normal,1,PredRedLPP,8,100.0036,4,2.666667,0.1051236,0.1025288
562,Normal,0,PredRedLPP,8,100.0013,4,2.666667,0.143273,0.1201081
562,Normal,1,PredRedLPP,9,99.97469,3.428572,2.666667,0.1417758,0.1654676
563,Normal,0,PredRedLPP,8,99.99892,4,2.666667,0.09997029,0.07266755
563,Normal,1,PredRedLPP,9,99.97054,3.428571,2.666667,0.1093072,0.08201295
564,Normal,0,PredRedLPP,8,100.0049,3.428572,2.666667,0.0954681,0.09495416
564,Normal,1,PredRedLPP,8,99.97871,4,2.666667,0.1628504,0.1467359
565,Normal,0,PredRedLPP,8,99.98402,2.857143,2.666667,0.1750076,0.1522989
565,Normal,1,PredRedLPP,7,100.0008,4,2.666667,0.1534011,0.1304431
566,Normal,0,PredRedLPP,10,99.96884,4,2.666667,0.2109627,0.1839046
566,Normal,1,PredRedLPP,9,99.99544,3.428572,2.222222,0.1799666,0.1481836
567,Normal,0,PredRedLPP,9,99.97296,4,2.666667,0.1492349,0.1716745
567,Normal,1,PredRedLPP,8,100.0037,4,2.666667,0.1160858,0.1072679
568,Normal,0,PredRedLPP,8,100.0038,3.766667,2.666667,0.1534057,0.1362725
568,Normal,1,PredRedLPP,8,99.96885,4,2.666667,0.1365883,0.1130342
569,Normal,0,PredRedLPP,9,100.0006,2.857143,2.666667,0.1337434,0.1440679
569,Normal,1,PredRedLPP,9,99.97227,4,2.666667,0.127768,0.1037744
570,Normal,0,PredRedLPP,7,100.0011,4,2.666667,0.1201929,0.09981916
570,Normal,1,PredRedLPP,8,99.98438,4,2.666667,0.140868,0.1192916
571,Normal,0,PredRedLPP,11,99.98312,4,2.666667,0.1491931,0.1234509
571,Normal,1,PredRedLPP,8,100.002,4,2.666667,0.1074197,0.09128304
572,Normal,0,PredRedLPP,9,100.0018,3.428572,2.666667,0.1666073,0.1472067
572,Normal,1,PredRedLPP,9,99.97341,4,2.666667,0.1459668,0.1618935
573,Normal,0,PredRedLPP,9,99.98057,4,2.666667,0.2011585,0.1681686
573,Normal,1,PredRedLPP,8,100.0049,3.428572,2.666667,0.111191,0.1056252
574,Normal,0,PredRedLPP,9,99.97221,4,2.666667,0.1055506,0.09519852
574,Normal,1,PredRedLPP,9,99.97977,4,2.666667,0.1105373,0.09226987
575,Normal,0,PredRedLPP,9,99.98117,4,2.222222,0.1270038,0.09744089
575,Normal,1,PredRedLPP,8,99.99733,4,2.666667,0.09949715,0.08754806
576,Normal,0,PredRedLPP,8,99.97887,4,2.666667,0.1660508,0.151849
576,Normal,1,PredRedLPP,8,99.9999,4,2.666667,0.1166364,0.09997977
577,Normal,0,PredRedLPP,8,99.99809,3.428572,2.666667,0.1035371,0.07913671
577,Normal,1,PredRedLPP,8,100.0008,4,2.666667,0.09934052,0.09449586
578,Normal,0,PredRedLPP,9,99.96341,4,2.666667,0.1236258,0.1059315
578,Normal,1,PredRedLPP,8,99.99846,4,2.222222,0.1195322,0.09678644
579,Normal,0,PredRedLPP,9,99.97414,4,2.666667,0.184708,0.1599523
579,Normal,1,PredRedLPP,9,100.0015,4,2.666667,0.1040205,0.08396816
580,Normal,0,PredRedLPP,8,99.98812,4,2.666667,0.1227437,0.1044066
580,Normal,1,PredRedLPP,8,100.0032,3.428572,2.666667,0.1345969,0.1117414
581,Normal,0,PredRedLPP,9,99.97628,3.766667,2.666667,0.1484709,0.1365817
581,Normal,1,PredRedLPP,8,100.0013,3.333334,2.666667,0.1211518,0.1078456
582,Normal,0,PredRedLPP,10,99.97847,3.428572,2.666667,0.1023995,0.08221481
582,Normal,1,PredRedLPP,10,100.0008,3.428571,2.666667,0.1020526,0.0917634
583,Normal,0,PredRedLPP,9,99.99919,4,2.666667,0.1570873,0.1386367
583,Normal,1,PredRedLPP,8,99.99222,3.428571,2.285714,0.1136377,0.09094656
584,Normal,0,PredRedLPP,8,100.0008,4,2.666667,0.1073375,0.09857532
584,Normal,1,PredRedLPP,8,99.98454,4,2.666667,0.119976,0.1050215
585,Normal,0,PredRedLPP,8,100.012,4,2.666667,0.1250949,0.1043362
585,Normal,1,PredRedLPP,8,99.99564,3.428572,2.285714,0.1007804,0.07784874
586,Normal,0,PredRedLPP,8,99.99179,3.428571,2.666667,0.1098094,0.1031107
586,Normal,1,PredRedLPP,9,99.99997,4,2.666667,0.1676345,0.1517102
587,Normal,0,PredRedLPP,8,99.9986,3.333332,2.666667,0.09901714,0.08290876
587,Normal,1,PredRedLPP,11,99.97427,4,2.666667,0.1140691,0.1001859
588,Normal,0,PredRedLPP,9,100.001,3.428571,2.666667,0.1285926,0.1114074
588,Normal,1,PredRedLPP,9,99.98729,4,2.666667,0.1298963,0.118067
589,Normal,0,PredRedLPP,10,99.98058,3.428571,2.222222,0.1440934,0.1100674
589,Normal,1,PredRedLPP,9,99.99938,4,2.666667,0.1204099,0.107725
590,Normal,0,PredRedLPP,9,99.98377,4,2.666667,0.1200268,0.1142073
590,Normal,1,PredRedLPP,9,99.99979,3.100001,2.285714,0.1615181,0.1420586
591,Normal,0,PredRedLPP,9,100.0003,4,2.222222,0.1468358,0.1152078
591,Normal,1,PredRedLPP,9,99.97454,4,2.666667,0.1119277,0.09465486
592,Normal,0,PredRedLPP,10,99.98611,4,2.666667,0.09045996,0.07214516
592,Normal,1,PredRedLPP,7,100.0048,4,2.666667,0.09659284,0.08014929
593,Normal,0,PredRedLPP,9,100.0005,4,2.666667,0.1009838,0.08630954
593,Normal,1,PredRedLPP,9,99.97335,4,2.666667,0.1135417,0.09689155
594,Normal,0,PredRedLPP,11,99.97073,4,2.666667,0.1843155,0.1520247
594,Normal,1,PredRedLPP,11,100.0023,4,2.666667,0.1766227,0.1569492
595,Normal,0,PredRedLPP,8,100.0002,3.800001,2.666667,0.1057841,0.09431809
595,Normal,1,PredRedLPP,9,99.96962,4,2.666667,0.09946331,0.08132439
596,Normal,0,PredRedLPP,9,99.9748,4,2.222222,0.1124889,0.0924544
596,Normal,1,PredRedLPP,8,100.0017,4,2.666667,0.1020372,0.08362509
597,Normal,0,PredRedLPP,10,99.98454,4,2.666667,0.1350072,0.1148465
597,Normal,1,PredRedLPP,8,100.0168,4,2.666667,0.09373735,0.07943381
598,Normal,0,PredRedLPP,9,99.97273,4,2.666667,0.1116416,0.07971596
598,Normal,1,PredRedLPP,8,100.0017,4,2.666667,0.1322723,0.1185634
599,Normal,0,PredRedLPP,9,100.0004,4,2.666667,0.09372447,0.08677433
599,Normal,1,PredRedLPP,10,99.9828,3.428572,2.666667,0.1238424,0.1371188
600,Normal,0,PredRedLPP,9,99.97211,3.533334,2.666667,0.1762499,0.1536848
600,Normal,1,PredRedLPP,8,99.99918,4,2.285714,0.1460034,0.1166666
601,Normal,0,PredRedLPP,7,100.0038,4,2.666667,0.1477803,0.1256481
601,Normal,1,PredRedLPP,8,99.96899,4,2.666667,0.1359473,0.1128335
602,Normal,0,PredRedLPP,7,100.0014,2.866668,2.666667,0.1704399,0.1498625
602,Normal,1,PredRedLPP,8,99.97848,4,2.666667,0.1509951,0.1296909
603,Normal,0,PredRedLPP,8,100.0157,4,2.666667,0.108152,0.08542973
603,Normal,1,PredRedLPP,10,99.97647,4,2.666667,0.09846243,0.08067749
604,Normal,0,PredRedLPP,9,100.0002,4,2.666667,0.1111498,0.08865661
604,Normal,1,PredRedLPP,9,99.98666,4,2.666667,0.114518,0.1030917
605,Normal,0,PredRedLPP,7,100.0004,3.428572,2.666667,0.1428316,0.1137425
605,Normal,1,PredRedLPP,8,99.97015,4,2.666667,0.1817588,0.1652378
606,Normal,0,PredRedLPP,9,100.0017,3.428571,2.666667,0.1195563,0.09084594
606,Normal,1,PredRedLPP,9,99.97276,4,2.666667,0.09737302,0.08311792
607,Normal,0,PredRedLPP,8,100.0005,4,2.666667,0.1318332,0.1158973
607,Normal,1,PredRedLPP,8,99.9817,4,2.666667,0.1504351,0.1282414
608,Normal,0,PredRedLPP,8,99.97321,4,2.666667,0.1028259,0.08635385
608,Normal,1,PredRedLPP,8,100.0122,4,2.666667,0.08915224,0.08490689
609,Normal,0,PredRedLPP,9,99.97455,4,2.666667,0.1117354,0.08885547
609,Normal,1,PredRedLPP,9,99.99979,3.428571,2.666667,0.1482587,0.1238068
610,Normal,0,PredRedLPP,9,99.98408,4,2.666667,0.1220373,0.09893723
610,Normal,1,PredRedLPP,9,99.99899,4,2.666667,0.1061946,0.09783299
611,Normal,0,PredRedLPP,10,100.0022,4,2.666667,0.1043503,0.09211731
611,Normal,1,PredRedLPP,11,99.97036,4,2.666667,0.1166102,0.09921982
612,Normal,0,PredRedLPP,9,100.003,4,2.666667,0.1058341,0.09532189
612,Normal,1,PredRedLPP,9,99.97958,4,2.666667,0.161976,0.1424803
613,Normal,0,PredRedLPP,9,99.9762,3.333334,2.285714,0.1152532,0.1055023
613,Normal,1,PredRedLPP,8,100.0013,3.428571,2.666667,0.0953054,0.09422854
614,Normal,0,PredRedLPP,9,99.9693,4,2.666667,0.1209941,0.1134503
614,Normal,1,PredRedLPP,8,100.0079,4,2.285714,0.1215204,0.09401281
615,Normal,0,PredRedLPP,8,100.0002,4,2.666667,0.1026594,0.1067795
615,Normal,1,PredRedLPP,8,99.97819,4,2.666667,0.1067392,0.09100724
616,Normal,0,PredRedLPP,9,99.96304,4,2.666667,0.1037037,0.08506247
616,Normal,1,PredRedLPP,9,99.99631,4,2.666667,0.1081481,0.09297498
617,Normal,0,PredRedLPP,8,100.0013,4,2.666667,0.1598804,0.1477686
617,Normal,1,PredRedLPP,9,99.96981,4,2.666667,0.1689686,0.1576198
618,Normal,0,PredRedLPP,8,99.96678,4,2.666667,0.1162875,0.09919553
618,Normal,1,PredRedLPP,8,100.0024,3.333334,2.666667,0.1145283,0.1034129
619,Normal,0,PredRedLPP,8,100.0018,3.428572,2.666667,0.1080889,0.08787303
619,Normal,1,PredRedLPP,9,99.97092,4,2.285714,0.1034667,0.09120286
620,Normal,0,PredRedLPP,9,100.0011,3.428572,2.666667,0.08829131,0.07256237
620,Normal,1,PredRedLPP,11,99.97784,4,2.666667,0.1442016,0.1141256
621,Normal,0,PredRedLPP,8,100.0017,4,2.666667,0.08422282,0.07527948
621,Normal,1,PredRedLPP,9,99.97243,4,2.666667,0.09425485,0.08865559
622,Normal,0,PredRedLPP,9,99.97781,4,2.666667,0.1807503,0.1631932
622,Normal,1,PredRedLPP,9,99.99876,4,2.666667,0.1597995,0.1462957
623,Normal,0,PredRedLPP,8,100.008,4,2.666667,0.1431143,0.1194976
623,Normal,1,PredRedLPP,8,99.96353,4,2.666667,0.1156315,0.1020559
624,Normal,0,PredRedLPP,8,99.99926,3.333334,2.666667,0.1067478,0.08075793
624,Normal,1,PredRedLPP,10,99.98285,4,2.666667,0.1017666,0.08340574
625,Normal,0,PredRedLPP,8,99.97012,3.333334,2.666667,0.09890489,0.0710691
625,Normal,1,PredRedLPP,9,100.0016,4,2.666667,0.1343787,0.110005
626,Normal,0,PredRedLPP,8,99.99947,3.333334,2.666667,0.1466899,0.1283779
626,Normal,1,PredRedLPP,10,99.96873,3.428571,2.666667,0.1041231,0.08677618
627,Normal,0,PredRedLPP,8,99.97719,4,2.666667,0.1259589,0.1024029
627,Normal,1,PredRedLPP,9,100.0002,3.333332,2.666667,0.1098721,0.09945771
628,Normal,0,PredRedLPP,12,99.9744,4,2.666667,0.1601667,0.1371031
628,Normal,1,PredRedLPP,10,100.0205,3.428571,2.666667,0.1339388,0.1184381
629,Normal,0,PredRedLPP,8,100.0168,3.533334,2.666667,0.1741829,0.1579531
629,Normal,1,PredRedLPP,8,99.96809,4,2.666667,0.1683418,0.1576364
630,Normal,0,PredRedLPP,9,99.99072,4,2.666667,0.1354347,0.1465978
630,Normal,1,PredRedLPP,9,99.97162,4,2.666667,0.1358635,0.1565727
631,Normal,0,PredRedLPP,10,100.0033,4,2.666667,0.1808063,0.1524568
631,Normal,1,PredRedLPP,10,99.98678,4,2.666667,0.08813174,0.07609316
632,Normal,0,PredRedLPP,8,99.99939,4,2.666667,0.1031523,0.09306982
632,Normal,1,PredRedLPP,9,99.96551,4,2.666667,0.1565674,0.1739082
633,Normal,0,PredRedLPP,8,99.99187,4,2.666667,0.1057025,0.08975114
633,Normal,1,PredRedLPP,8,100.0012,3.428572,2.666667,0.08206099,0.07524987
634,Normal,0,PredRedLPP,9,100.0036,4,2.666667,0.1083965,0.09149918
634,Normal,1,PredRedLPP,11,99.97231,4,2.666667,0.1130581,0.09660207
635,Normal,0,PredRedLPP,10,99.99933,4,2.666667,0.08699875,0.08343776
635,Normal,1,PredRedLPP,12,99.97787,4,2.666667,0.1620614,0.1407686
636,Normal,0,PredRedLPP,9,100.0044,4,2.666667,0.09019607,0.078706
636,Normal,1,PredRedLPP,9,99.98435,4,2.666667,0.1622838,0.1319822
637,Normal,0,PredRedLPP,9,99.97903,3.428571,2.666667,0.1468442,0.1244155
637,Normal,1,PredRedLPP,8,100.0032,3.428572,2.666667,0.1213134,0.1008502
638,Normal,0,PredRedLPP,8,100.001,4,2.666667,0.1195301,0.09700022
638,Normal,1,PredRedLPP,9,99.96753,4,2.666667,0.183025,0.1634573
639,Normal,0,PredRedLPP,8,100.0009,4,2.666667,0.1342082,0.121307
639,Normal,1,PredRedLPP,9,99.96738,3.428572,2.666667,0.1284631,0.1095697
640,Normal,0,PredRedLPP,8,99.96728,4,2.666667,0.1383959,0.1189678
640,Normal,1,PredRedLPP,7,100.006,3.428572,2.285714,0.1297259,0.104852
641,Normal,0,PredRedLPP,10,100.0018,3.428571,2.666667,0.09186578,0.0900699
641,Normal,1,PredRedLPP,10,99.98239,4,2.666667,0.142719,0.1347311
642,Normal,0,PredRedLPP,9,99.96946,4,2.666667,0.1910125,0.1694136
642,Normal,1,PredRedLPP,10,100.0006,4,2.666667,0.08856657,0.08071943
643,Normal,0,PredRedLPP,9,99.99993,4,2.666667,0.09696447,0.07914691
643,Normal,1,PredRedLPP,10,99.9802,4,2.666667,0.1005727,0.0738559
644,Normal,0,PredRedLPP,8,100.0019,3.428572,2.666667,0.1072619,0.100737
644,Normal,1,PredRedLPP,8,99.9775,4,2.666667,0.1423809,0.1554422
645,Normal,0,PredRedLPP,9,100.0042,3.428572,2.666667,0.1023586,0.08279409
645,Normal,1,PredRedLPP,10,99.97868,4,2.666667,0.1191247,0.115509
646,Normal,0,PredRedLPP,9,100.0001,4,2.666667,0.1112386,0.08578155
646,Normal,1,PredRedLPP,9,99.9967,4,2.666667,0.1039129,0.0929125
647,Normal,0,PredRedLPP,9,99.96889,3.428572,2.666667,0.1360521,0.1163896
647,Normal,1,PredRedLPP,8,100.0018,4,2.666667,0.1024639,0.08572779
648,Normal,0,PredRedLPP,8,100.0011,3.428572,2.666667,0.1132911,0.09414952
648,Normal,1,PredRedLPP,9,99.96838,3.428571,2.666667,0.1287496,0.1310733
649,Normal,0,PredRedLPP,9,100.0034,4,2.666667,0.1433245,0.1331609
649,Normal,1,PredRedLPP,9,99.99364,4,2.666667,0.1292767,0.1261495
650,Normal,0,PredRedLPP,8,99.97894,4,2.666667,0.1288369,0.1105402
650,Normal,1,PredRedLPP,7,99.99942,4,2.666667,0.1256595,0.1084618
651,Normal,0,PredRedLPP,9,100.0007,4,2.666667,0.1151768,0.0933551
651,Normal,1,PredRedLPP,10,99.97443,3.333334,2.666667,0.3073797,0.2762467
652,Normal,0,PredRedLPP,9,100.0042,2.857143,2.666667,0.1057093,0.08809802
652,Normal,1,PredRedLPP,11,99.98063,4,2.666667,0.0928489,0.1128138
653,Normal,0,PredRedLPP,7,100.0098,4,2.666667,0.09744526,0.07733753
653,Normal,1,PredRedLPP,8,99.97346,4,2.666667,0.1108794,0.1007415
654,Normal,0,PredRedLPP,8,99.96902,4,2.666667,0.1647527,0.1464841
654,Normal,1,PredRedLPP,9,100.0004,4,2.666667,0.1455878,0.1225168
655,Normal,0,PredRedLPP,9,100.0008,3.428572,2.666667,0.1482758,0.1349206
655,Normal,1,PredRedLPP,10,99.98266,4,2.666667,0.105977,0.1044883
656,Normal,0,PredRedLPP,8,99.98229,3.428572,2.666667,0.1824786,0.1597186
656,Normal,1,PredRedLPP,7,100.0123,3.333334,2.666667,0.1425344,0.1200651
657,Normal,0,PredRedLPP,9,100.0089,4,2.666667,0.1112838,0.08789103
657,Normal,1,PredRedLPP,11,99.97148,4,2.666667,0.09810016,0.07857005
658,Normal,0,PredRedLPP,8,100.0022,4,2.666667,0.1592481,0.1490393
658,Normal,1,PredRedLPP,9,99.96755,4,2.666667,0.1054302,0.07924259
659,Normal,0,PredRedLPP,8,99.97681,3.428572,2.666667,0.1006594,0.08638808
659,Normal,1,PredRedLPP,7,99.99847,4,2.666667,0.1826139,0.1527921
660,Normal,0,PredRedLPP,8,100.0035,4,2.666667,0.119295,0.09983942
660,Normal,1,PredRedLPP,8,99.98349,4,2.666667,0.1002127,0.08614549
661,Normal,0,PredRedLPP,9,99.9698,3.428572,2.666667,0.1167526,0.1038838
661,Normal,1,PredRedLPP,9,100.0005,3.428572,2.666667,0.09689903,0.08176513
662,Normal,0,PredRedLPP,8,100.0012,4,2.222222,0.1030086,0.07745013
662,Normal,1,PredRedLPP,9,99.97759,4,2.666667,0.123801,0.1301276
663,Normal,0,PredRedLPP,9,100.0051,4,2.666667,0.1109388,0.08706235
663,Normal,1,PredRedLPP,10,99.96954,3.6,2.666667,0.1139822,0.08946859
664,Normal,0,PredRedLPP,10,99.97273,4,2.666667,0.09921171,0.0810489
664,Normal,1,PredRedLPP,9,100.0049,4,2.666667,0.1791103,0.1532069
665,Normal,0,PredRedLPP,8,99.99976,4,2.666667,0.1004695,0.06902528
665,Normal,1,PredRedLPP,9,99.97002,4,2.666667,0.1322183,0.1167002
666,Normal,0,PredRedLPP,9,100.0047,3.428572,2.666667,0.1092334,0.1066866
666,Normal,1,PredRedLPP,10,99.9724,4,2.666667,0.163705,0.1491953
667,Normal,0,PredRedLPP,8,100.0021,3.333332,2.666667,0.1511138,0.1437156
667,Normal,1,PredRedLPP,10,99.97578,4,2.666667,0.0972246,0.07744399
668,Normal,0,PredRedLPP,10,99.9713,4,2.666667,0.09280048,0.08471008
668,Normal,1,PredRedLPP,8,100.0001,4,2.666667,0.1061791,0.08778752
669,Normal,0,PredRedLPP,9,99.99885,4,2.666667,0.1211913,0.1038019
669,Normal,1,PredRedLPP,9,99.97279,4,2.666667,0.119874,0.1126275
670,Normal,0,PredRedLPP,9,100.0029,4,2.666667,0.1473379,0.1284723
670,Normal,1,PredRedLPP,10,99.98229,3.428571,2.666667,0.1893518,0.1613758
671,Normal,0,PredRedLPP,8,99.97404,4,2.666667,0.143093,0.1159159
671,Normal,1,PredRedLPP,7,100.0012,3.428572,2.666667,0.1609523,0.1355069
672,Normal,0,PredRedLPP,8,100.0001,3.766667,2.666667,0.110664,0.08875479
672,Normal,1,PredRedLPP,9,99.973,3.333334,2.666667,0.08755869,0.08556899
673,Normal,0,PredRedLPP,7,100.0004,4,2.666667,0.1136066,0.09608689
673,Normal,1,PredRedLPP,9,99.96985,3.333334,2.666667,0.1193702,0.09484197
674,Normal,0,PredRedLPP,10,100.004,3.800001,2.666667,0.1106251,0.09740081
674,Normal,1,PredRedLPP,10,99.97147,4,2.666667,0.1157435,0.0844247
675,Normal,0,PredRedLPP,10,99.97237,4,2.666667,0.110771,0.09815357
675,Normal,1,PredRedLPP,9,100.0027,4,2.666667,0.07755104,0.06349205
676,Normal,0,PredRedLPP,8,100.0017,4,2.666667,0.1056366,0.1020233
676,Normal,1,PredRedLPP,9,99.97729,3.428572,2.666667,0.1157082,0.09586486
677,Normal,0,PredRedLPP,9,99.96692,4,2.666667,0.1894152,0.1764411
677,Normal,1,PredRedLPP,9,100.0004,4,2.666667,0.09882203,0.08833198
678,Normal,0,PredRedLPP,8,100.0002,4,2.222222,0.165441,0.1527227
678,Normal,1,PredRedLPP,9,99.98223,4,2.666667,0.1302242,0.1425297
679,Normal,0,PredRedLPP,9,99.96925,2.999999,2.666667,0.1019608,0.08238919
679,Normal,1,PredRedLPP,10,100.0044,3.428572,2.666667,0.1041181,0.09303623
680,Normal,0,PredRedLPP,8,99.99837,3.766667,2.666667,0.1519461,0.1235736
680,Normal,1,PredRedLPP,8,99.96375,3.428572,2.666667,0.1865712,0.1660116
681,Normal,0,PredRedLPP,9,99.97446,4,2.666667,0.1065237,0.09515303
681,Normal,1,PredRedLPP,8,100.0023,4,2.666667,0.1012809,0.07949277
682,Normal,0,PredRedLPP,8,100.0005,4,2.666667,0.119115,0.1024863
682,Normal,1,PredRedLPP,9,99.96796,4,2.666667,0.1284366,0.1090041
683,Normal,0,PredRedLPP,8,99.97187,4,2.666667,0.1124774,0.0875456
683,Normal,1,PredRedLPP,8,100.0026,3.428572,2.666667,0.1097649,0.1032177
684,Normal,0,PredRedLPP,10,99.97439,3.428572,2.666667,0.2359499,0.2116044
684,Normal,1,PredRedLPP,9,100.0014,4,2.666667,0.1586868,0.1406903
685,Normal,0,PredRedLPP,9,100,4,2.666667,0.1031468,0.09135314
685,Normal,1,PredRedLPP,9,99.97923,4,2.666667,0.1141608,0.103663
686,Normal,0,PredRedLPP,9,99.9796,3.428572,2.666667,0.1002377,0.08669325
686,Normal,1,PredRedLPP,9,100.0019,4,2.666667,0.09595959,0.08753079
687,Normal,0,PredRedLPP,8,99.97886,3.428572,2.285714,0.1412741,0.118725
687,Normal,1,PredRedLPP,8,99.9998,4,2.222222,0.1398374,0.1141939
688,Normal,0,PredRedLPP,10,99.96958,4,2.666667,0.1072083,0.07543775
688,Normal,1,PredRedLPP,8,100.0023,4,2.666667,0.1203894,0.09649266
689,Normal,0,PredRedLPP,9,99.9825,4,2.666667,0.113971,0.09076609
689,Normal,1,PredRedLPP,8,100.0152,4,2.666667,0.154029,0.1327813
690,Normal,0,ThomasAPF,8,100.0032,2.600001,2.666667,0.04058538,0.0457143
690,Normal,1,ThomasAPF,9,99.97983,2.600001,2.666667,0.0583415,0.07881693
691,Normal,0,ThomasAPF,8,99.99523,2.600001,2.666667,0.04398011,0.04978285
691,Normal,1,ThomasAPF,8,100.0021,2.6,2.666667,0.04398012,0.04156994
692,Normal,0,ThomasAPF,8,99.98339,2.600001,2.666667,0.04501021,0.04215563
692,Normal,1,ThomasAPF,8,100.0084,2.600001,2.666667,0.05295318,0.0624576
693,Normal,0,ThomasAPF,8,100.0021,2.600001,2.666667,0.04143428,0.04856766
693,Normal,1,ThomasAPF,9,99.98119,2.6,2.666667,0.04661357,0.06804532
694,Normal,0,ThomasAPF,10,99.9763,2.600001,2.666667,0.07923811,0.05091461
694,Normal,1,ThomasAPF,8,100.0114,2.600001,2.666667,0.07180957,0.05139836
695,Normal,0,ThomasAPF,9,99.98695,2.600001,2.666667,0.04629805,0.02499219
695,Normal,1,ThomasAPF,7,100.0124,2.600001,2.666667,0.04142456,0.02903854
696,Normal,0,ThomasAPF,9,99.96428,2.600001,2.666667,0.05750002,0.05818073
696,Normal,1,ThomasAPF,8,100.0204,2.600001,2.666667,0.05500003,0.06100126
697,Normal,0,ThomasAPF,8,100.0137,2.600001,2.666667,0.04278801,0.03614069
697,Normal,1,ThomasAPF,9,99.97646,2.600001,2.666667,0.04530496,0.04130365
698,Normal,0,ThomasAPF,9,100.0045,2.600001,2.666667,0.04746619,0.04028958
698,Normal,1,ThomasAPF,9,99.98891,2.6,2.666667,0.0564684,0.05791629
699,Normal,0,ThomasAPF,9,100.001,2.600001,2.666667,0.04886253,0.07267362
699,Normal,1,ThomasAPF,8,99.98376,2.600001,2.666667,0.04886254,0.07862724
700,Normal,0,ThomasAPF,8,99.99951,2.600001,2.666667,0.04099499,0.04385848
700,Normal,1,ThomasAPF,9,99.99454,2.600001,2.666667,0.04947671,0.05310136
701,Normal,0,ThomasAPF,8,99.98966,2.600001,2.666667,0.04995199,0.04354788
701,Normal,1,ThomasAPF,7,100.0184,2.600001,2.666667,0.04745439,0.0320205
702,Normal,0,ThomasAPF,8,100.002,2.600001,2.666667,0.04938273,0.04715176
702,Normal,1,ThomasAPF,9,99.98112,2.600001,2.666667,0.04691359,0.05408584
703,Normal,0,ThomasAPF,8,100.017,2.600001,2.666667,0.04786824,0.04835735
703,Normal,1,ThomasAPF,9,99.98223,2.600001,2.666667,0.04822815,0.0680448
704,Normal,0,ThomasAPF,9,99.9681,2.600001,2.666667,0.04819515,0.06144796
704,Normal,1,ThomasAPF,8,100.0115,2.600001,2.666667,0.04565855,0.05302363
705,Normal,0,ThomasAPF,8,100.0031,2.600001,2.666667,0.04750002,0.05091578
705,Normal,1,ThomasAPF,10,99.99313,2.600001,2.666667,0.06285718,0.05702077
706,Normal,0,ThomasAPF,9,99.99966,2.600001,2.666667,0.0436759,0.06794661
706,Normal,1,ThomasAPF,9,99.97791,2.6,2.666667,0.04367591,0.08507442
707,Normal,0,ThomasAPF,8,100.0033,2.600001,2.666667,0.04241844,0.0664169
707,Normal,1,ThomasAPF,9,99.9697,2.6,2.666667,0.04633947,0.03339123
708,Normal,0,ThomasAPF,8,100.0131,2.600001,2.666667,0.0420552,0.03768444
708,Normal,1,ThomasAPF,9,99.98392,2.600001,2.666667,0.04735627,0.04385846
709,Normal,0,ThomasAPF,9,99.98797,2.600001,2.666667,0.04740886,0.08609818
709,Normal,1,ThomasAPF,8,100.0022,2.600001,2.666667,0.04241845,0.05268259
710,Normal,0,ThomasAPF,9,99.97418,2.600001,2.666667,0.04398012,0.04668722
710,Normal,1,ThomasAPF,8,99.99924,2.600001,2.666667,0.03991473,0.04548687
711,Normal,0,ThomasAPF,8,100.0023,2.600001,2.666667,0.07722776,0.06148046
711,Normal,1,ThomasAPF,9,99.99557,2.600001,2.666667,0.07722777,0.06261198
712,Normal,0,ThomasAPF,10,99.9678,2.600001,2.666667,0.05118113,0.0416198
712,Normal,1,ThomasAPF,8,99.99574,2.6,2.666667,0.04350396,0.0416198
713,Normal,0,ThomasAPF,9,100.0023,2.6,2.666667,0.04333336,0.04755682
713,Normal,1,ThomasAPF,9,99.97419,2.600001,2.666667,0.04515408,0.03398693
714,Normal,0,ThomasAPF,9,99.97363,2.600001,2.666667,0.04924245,0.04545456
714,Normal,1,ThomasAPF,8,99.99924,2.600001,2.666667,0.04678033,0.03282829
715,Normal,0,ThomasAPF,9,99.99936,2.600001,2.666667,0.04944947,0.04263312
715,Normal,1,ThomasAPF,8,99.97469,2.600001,2.666667,0.05985989,0.03470137
716,Normal,0,ThomasAPF,9,99.96936,2.600001,2.666667,0.05275154,0.03724292
716,Normal,1,ThomasAPF,8,100.0026,2.600001,2.666667,0.04588664,0.02594034
717,Normal,0,ThomasAPF,8,100.016,2.600001,2.666667,0.04504332,0.03098218
717,Normal,1,ThomasAPF,9,99.97507,2.6,2.666667,0.04432835,0.07626387
718,Normal,0,ThomasAPF,8,99.97446,2.600001,2.666667,0.05657768,0.0492362
718,Normal,1,ThomasAPF,8,100.0141,2.6,2.666667,0.05400595,0.05086903
719,Normal,0,ThomasAPF,8,99.98584,2.600001,2.666667,0.08008218,0.04869465
719,Normal,1,ThomasAPF,8,100.0004,2.600001,2.666667,0.08313292,0.04461394
720,Normal,0,S2C,11,99.9784,0,2.666667,0,0.04991347
720,Normal,1,S2C,10,99.99635,0,2.666667,0,0.02640583
721,Normal,0,S2C,9,99.99991,0,2.666667,0,0.02158273
721,Normal,1,S2C,9,99.96611,0,2.666667,0,0.04179514
722,Normal,0,S2C,12,99.96738,0,2.666667,0,0.04348918
722,Normal,1,S2C,11,100.001,0,2.666667,0,0.0313502
723,Normal,0,S2C,9,100.0048,0,2.666667,0,0.02661676
723,Normal,1,S2C,10,99.97778,0,2.666667,0,0.03604353
724,Normal,0,S2C,9,100.0014,0,2.666667,0,0.0335872
724,Normal,1,S2C,10,99.98121,0,2.666667,0,0.02108963
725,Normal,0,S2C,10,99.99858,0,2.666667,0,0.02561863
725,Normal,1,S2C,10,99.98547,0,2.666667,0,0.05977686
726,Normal,0,S2C,9,100.0024,0,2.666667,0,0.02144772
726,Normal,1,S2C,9,99.97085,0,2.666667,0,0.02995872
727,Normal,0,S2C,8,100.0003,0,2.666667,0,0.04313104
727,Normal,1,S2C,9,99.98094,0,2.666667,0,0.02236848
728,Normal,0,S2C,11,99.98312,0,2.666667,0,0.05576498
728,Normal,1,S2C,10,100.0005,0,2.666667,0,0.02464033
729,Normal,0,S2C,9,99.97464,0,2.666667,0,0.02158273
729,Normal,1,S2C,9,100.0036,0,2.666667,0,0.02158273
730,Normal,0,S2C,9,99.99091,0,2.666667,0,0.03753622
730,Normal,1,S2C,9,99.97921,0,2.666667,0,0.03833483
731,Normal,0,S2C,13,99.97479,0,2.666667,0,0.0506057
731,Normal,1,S2C,12,100.0025,0,2.666667,0,0.05482461
732,Normal,0,S2C,9,99.97231,0,2.666667,0,0.02140946
732,Normal,1,S2C,10,99.95341,0,2.666667,0,0.05720519
733,Normal,0,S2C,9,100.0003,0,2.666667,0,0.06627198
733,Normal,1,S2C,10,99.98678,0,2.666667,0,0.03035611
734,Normal,0,S2C,9,100.002,0,2.666667,0,0.06907507
734,Normal,1,S2C,11,99.9763,0,2.666667,0,0.04619598
735,Normal,0,S2C,9,99.98012,0,2.666667,0,0.03895847
735,Normal,1,S2C,8,99.99448,0,2.666667,0,0.03407445
736,Normal,0,S2C,9,99.97614,0,2.666667,0,0.04008826
736,Normal,1,S2C,9,99.99944,0,2.666667,0,0.03120507
737,Normal,0,S2C,9,99.99879,0,2.666667,0,0.02137133
737,Normal,1,S2C,9,99.97881,0,2.666667,0,0.03188737
738,Normal,0,S2C,10,99.97102,0,2.666667,0,0.04188366
738,Normal,1,S2C,9,100.0046,0,2.666667,0,0.03099613
739,Normal,0,S2C,9,99.97094,0,2.666667,0,0.02332362
739,Normal,1,S2C,9,100.0051,0,2.666667,0,0.02366164
740,Normal,0,S2C,9,100.0023,0,2.666667,0,0.04310574
740,Normal,1,S2C,9,99.9828,0,2.666667,0,0.05465988
741,Normal,0,S2C,9,99.97216,0,2.666667,0,0.0282818
741,Normal,1,S2C,9,99.98844,0,2.666667,0,0.02146691
742,Normal,0,S2C,9,100.0013,0,2.666667,0,0.02600473
742,Normal,1,S2C,10,99.98258,0,2.666667,0,0.04176518
743,Normal,0,S2C,9,99.9985,0,2.666667,0,0.04563671
743,Normal,1,S2C,9,99.96713,0,2.666667,0,0.02475791
744,Normal,0,S2C,9,99.97078,0,2.666667,0,0.02146691
744,Normal,1,S2C,8,100.0015,0,2.666667,0,0.02623733
745,Normal,0,S2C,9,99.99895,0,2.666667,0,0.03123308
745,Normal,1,S2C,9,99.9725,0,2.666667,0,0.03282893
746,Normal,0,S2C,9,100.0032,0,2.666667,0,0.02672148
746,Normal,1,S2C,9,99.98441,0,2.666667,0,0.02158273
747,Normal,0,S2C,8,100.0019,0,2.666667,0,0.02774923
747,Normal,1,S2C,9,99.97609,0,2.666667,0,0.02158273
748,Normal,0,S2C,9,99.97009,0,2.666667,0,0.0562246
748,Normal,1,S2C,8,99.99978,0,2.666667,0,0.02129547
749,Normal,0,S2C,12,99.99907,0,2.666667,0,0.04094763
749,Normal,1,S2C,12,99.98275,0,2.666667,0,0.03708106
750,Normal,0,None,10,100.0009,0,1.333333,0,0.001164483
750,Normal,1,None,11,99.97603,0,1.333333,0,0.001164483
751,Normal,0,None,11,99.96989,0,0,0,0
751,Normal,1,None,10,100.0002,0,0,0,0
752,Normal,0,None,10,100.0002,0,0,0,0
752,Normal,1,None,11,99.97867,0,0,0,0
753,Normal,0,None,10,99.99922,0,0,0,0
753,Normal,1,None,11,99.97196,0,0,0,0
754,Normal,0,None,10,99.97263,0,0,0,0
754,Normal,1,None,10,100.0001,0,0,0,0
755,Normal,0,None,10,99.97289,0,0,0,0
755,Normal,1,None,10,100.0002,0,0,0,0
756,Normal,0,None,10,99.99862,0,0,0,0
756,Normal,1,None,10,99.97527,0,0,0,0
757,Normal,0,None,10,100.0023,0,0,0,0
757,Normal,1,None,11,99.97517,0,0,0,0
758,Normal,0,None,11,99.97294,0,0,0,0
758,Normal,1,None,10,99.99982,0,0,0,0
759,Normal,0,None,10,100.0027,0,0,0,0
759,Normal,1,None,11,99.97573,0,0,0,0
760,Normal,0,None,11,99.97007,0,0,0,0
760,Normal,1,None,10,99.99867,0,0,0,0
761,Normal,0,None,10,99.97731,0,0,0,0
761,Normal,1,None,10,99.99689,0,0,0,0
762,Normal,0,None,10,100.001,0,0,0,0
762,Normal,1,None,11,99.97189,0,0,0,0
763,Normal,0,None,10,99.99961,0,0,0,0
763,Normal,1,None,11,99.97054,0,0,0,0
764,Normal,0,None,10,99.99968,0,0,0,0
764,Normal,1,None,10,99.97369,0,0,0,0
765,Normal,0,None,10,99.99791,0,0,0,0
765,Normal,1,None,11,99.96967,0,0,0,0
766,Normal,0,None,11,99.98206,0,0,0,0
766,Normal,1,None,10,99.99999,0,0,0,0
767,Normal,0,None,10,99.97915,0,0,0,0
767,Normal,1,None,10,99.99869,0,0,0,0
768,Normal,0,None,11,99.97121,0,0,0,0
768,Normal,1,None,10,100.0004,0,0,0,0
769,Normal,0,None,10,99.97308,0,0,0,0
769,Normal,1,None,10,100.0018,0,0,0,0
770,Normal,0,None,10,99.99983,0,0,0,0
770,Normal,1,None,10,99.97115,0,0,0,0
771,Normal,0,None,11,99.98139,0,0,0,0
771,Normal,1,None,11,99.99992,0,0,0,0
772,Normal,0,None,10,99.99854,0,0,0,0
772,Normal,1,None,11,99.97516,0,0,0,0
773,Normal,0,None,11,99.97916,0,0,0,0
773,Normal,1,None,10,99.99902,0,0,0,0
774,Normal,0,None,11,99.99809,0,0,0,0
774,Normal,1,None,11,99.97462,0,0,0,0
775,Normal,0,None,11,99.97177,0,0,0,0
775,Normal,1,None,10,99.99839,0,0,0,0
776,Normal,0,None,10,99.96776,0,0,0,0
776,Normal,1,None,10,99.99941,0,0,0,0
777,Normal,0,None,11,99.99937,0,0,0,0
777,Normal,1,None,11,99.97452,0,0,0,0
778,Normal,0,None,11,99.97506,0,0,0,0
778,Normal,1,None,10,99.99986,0,0,0,0
779,Normal,0,None,10,100.0001,0,0,0,0
779,Normal,1,None,11,99.98219,0,0,0,0
780,Normal,0,PredRedLPP,8,99.17015,4,2.666667,0.119798,0.09068485
781,Normal,0,PredRedLPP,10,99.21008,4,2.666667,0.1462528,0.1182606
782,Normal,0,PredRedLPP,8,99.14622,4,2.666667,0.125982,0.1078195
783,Normal,0,PredRedLPP,8,99.2446,4,2.666667,0.1193631,0.08994545
784,Normal,0,PredRedLPP,11,99.13327,4,2.666667,0.1006262,0.09466006
785,Normal,0,PredRedLPP,7,99.18925,4,2.666667,0.1590837,0.1309863
786,Normal,0,PredRedLPP,7,99.26072,4,2.666667,0.1204641,0.08539282
787,Normal,0,PredRedLPP,8,99.28427,4,2.666667,0.1301167,0.1083071
788,Normal,0,PredRedLPP,9,99.12669,4,2.666667,0.1079683,0.0895526
789,Normal,0,PredRedLPP,8,99.23904,4,2.666667,0.1230246,0.08691537
790,Normal,0,PredRedLPP,9,99.13515,4,2.666667,0.1269169,0.09742498
791,Normal,0,PredRedLPP,10,99.15308,4,2.666667,0.128132,0.1154003
792,Normal,0,PredRedLPP,3,99.1704,2.857143,2.666667,0.08787107,0.08164035
793,Normal,0,PredRedLPP,8,99.17307,4,2.666667,0.1301907,0.09250858
794,Normal,0,PredRedLPP,8,99.09312,3.428571,2.666667,0.1248315,0.0904984
795,Normal,0,PredRedLPP,10,99.12687,4,2.666667,0.1222306,0.07232451
796,Normal,0,PredRedLPP,9,99.27858,4,2.666667,0.1316258,0.0981821
797,Normal,0,PredRedLPP,6,99.05581,4,2.666667,0.1300699,0.09641716
798,Normal,0,PredRedLPP,11,99.09531,3.428572,2.666667,0.1490918,0.1168853
799,Normal,0,PredRedLPP,9,99.08726,4,2.666667,0.1374398,0.09755086
800,Normal,0,PredRedLPP,9,99.22882,3.428572,2.666667,0.1124001,0.09164856
801,Normal,0,PredRedLPP,8,99.18061,4,2.666667,0.1229646,0.09484778
802,Normal,0,PredRedLPP,10,99.21941,4,2.666667,0.1258244,0.0982146
803,Normal,0,PredRedLPP,6,99.13226,3.428572,2.666667,0.118363,0.08481672
804,Normal,0,PredRedLPP,8,99.08305,4,2.666667,0.1288855,0.08585628
805,Normal,0,PredRedLPP,9,99.10962,4,2.666667,0.1278488,0.1051135
806,Normal,0,PredRedLPP,9,99.07929,4,2.666667,0.1713279,0.1274825
807,Normal,0,PredRedLPP,10,99.06307,4,2.666667,0.1766082,0.1384944
808,Normal,0,PredRedLPP,9,99.12078,4,2.666667,0.1167463,0.08124667
809,Normal,0,PredRedLPP,9,99.21807,4,2.666667,0.129334,0.09166211
810,Normal,0,PredRedLPP,12,99.12696,4,2.666667,0.1187712,0.08270558
811,Normal,0,PredRedLPP,3,99.27293,4,2.666667,0.09387989,0.06683205
812,Normal,0,PredRedLPP,6,99.20921,4,2.666667,0.1048465,0.09157626
813,Normal,0,PredRedLPP,8,99.14008,3.428571,2.666667,0.1438612,0.1339278
814,Normal,0,PredRedLPP,7,99.16101,4,2.666667,0.1553821,0.1145532
815,Normal,0,PredRedLPP,7,98.98708,3.428572,2.666667,0.111042,0.08270754
816,Normal,0,PredRedLPP,10,99.20474,4,2.666667,0.1328789,0.09855701
817,Normal,0,PredRedLPP,9,99.17429,4,2.666667,0.1073904,0.07145286
818,Normal,0,PredRedLPP,6,99.26715,4,2.666667,0.1104099,0.08502596
819,Normal,0,PredRedLPP,11,99.0955,4,2.666667,0.1688658,0.1340441
820,Normal,0,PredRedLPP,7,99.29817,3.428572,2.666667,0.1182949,0.1043509
821,Normal,0,PredRedLPP,9,99.1558,4,2.666667,0.1446379,0.09972244
822,Normal,0,PredRedLPP,10,99.30923,4,2.666667,0.1352265,0.1012073
823,Normal,0,PredRedLPP,10,99.17915,4,2.666667,0.09288389,0.07418348
824,Normal,0,PredRedLPP,8,99.2667,4,2.666667,0.1162765,0.08416343
825,Normal,0,PredRedLPP,13,99.07339,4,2.666667,0.130539,0.09107583
826,Normal,0,PredRedLPP,12,99.23318,4,2.666667,0.1869705,0.1448888
827,Normal,0,PredRedLPP,10,99.17336,4,2.666667,0.1287845,0.09800599
828,Normal,0,PredRedLPP,6,99.26279,3.428571,2.666667,0.1334778,0.0980121
829,Normal,0,PredRedLPP,11,99.2158,3.428571,2.666667,0.1364479,0.1066628
830,Normal,0,PredRedLPP,9,99.0652,4,2.666667,0.1471573,0.1011063
831,Normal,0,PredRedLPP,5,99.06816,4,2.666667,0.08299538,0.07643216
832,Normal,0,PredRedLPP,9,99.0457,3.428572,2.666667,0.1149559,0.09067604
833,Normal,0,PredRedLPP,5,99.12244,4,2.666667,0.1292355,0.108063
834,Normal,0,PredRedLPP,9,99.109,4,2.666667,0.1673172,0.1386763
835,Normal,0,PredRedLPP,8,98.9614,4,2.666667,0.1061484,0.08633372
836,Normal,0,PredRedLPP,5,99.10213,4,2.666667,0.1143162,0.09496867
837,Normal,0,PredRedLPP,6,99.23232,4,2.666667,0.1181211,0.08479167
838,Normal,0,PredRedLPP,6,99.18694,3.428572,2.666667,0.1443745,0.1074637
839,Normal,0,PredRedLPP,11,99.12313,4,2.666667,0.1632582,0.1371524
840,Normal,0,PredRedLPP,10,99.20607,4,2.666667,0.1759959,0.1451577
841,Normal,0,PredRedLPP,12,99.11669,4,2.666667,0.1149104,0.0873168
842,Normal,0,PredRedLPP,8,99.16414,3.428571,2.666667,0.105176,0.08932267
843,Normal,0,PredRedLPP,9,99.16216,4,2.666667,0.1156923,0.08800975
844,Normal,0,PredRedLPP,11,99.17482,3.428572,2.666667,0.1071554,0.08073039
845,Normal,0,PredRedLPP,8,99.18587,4,2.666667,0.1073956,0.07848465
846,Normal,0,PredRedLPP,8,99.2573,4,2.666667,0.1058948,0.07745932
847,Normal,0,PredRedLPP,9,99.09844,4,2.666667,0.09826177,0.08055311
848,Normal,0,PredRedLPP,12,99.13696,4,2.666667,0.1228331,0.1095181
849,Normal,0,PredRedLPP,7,99.27024,4,2.666667,0.132635,0.1059054
850,Normal,0,PredRedLPP,7,99.19765,3.333334,2.666667,0.1064763,0.08413582
851,Normal,0,PredRedLPP,9,99.20824,4,2.666667,0.1293007,0.1053502
852,Normal,0,PredRedLPP,7,98.9959,3.428572,2.666667,0.1202535,0.08959384
853,Normal,0,PredRedLPP,11,99.16615,4,2.666667,0.1421443,0.1138797
854,Normal,0,PredRedLPP,8,99.23824,4,2.666667,0.1182847,0.1011764
855,Normal,0,PredRedLPP,11,99.2062,3.428571,2.666667,0.1236132,0.0872619
856,Normal,0,PredRedLPP,9,99.19932,4,2.666667,0.139914,0.1095804
857,Normal,0,PredRedLPP,8,99.13721,4,2.666667,0.1198053,0.09175849
858,Normal,0,PredRedLPP,7,99.13918,4,2.666667,0.1153139,0.0925313
859,Normal,0,PredRedLPP,7,99.0871,4,2.666667,0.1237575,0.09186511
860,Normal,0,PredRedLPP,8,99.13198,4,2.666667,0.1354311,0.08660844
861,Normal,0,PredRedLPP,8,99.13386,4,2.666667,0.1066979,0.1093116
862,Normal,0,PredRedLPP,11,99.04005,3.333334,2.666667,0.1574738,0.1166731
863,Normal,0,PredRedLPP,9,99.14481,4,2.666667,0.2027302,0.1404106
864,Normal,0,PredRedLPP,6,99.08254,4,2.666667,0.1209779,0.09148265
865,Normal,0,PredRedLPP,8,99.20884,3.333334,2.666667,0.2022036,0.1758602
866,Normal,0,PredRedLPP,8,99.25081,4,2.666667,0.15,0.122758
867,Normal,0,PredRedLPP,7,99.13161,4,2.666667,0.1152366,0.09340563
868,Normal,0,PredRedLPP,5,99.06105,3.428572,2.666667,0.1058886,0.08470684
869,Normal,0,PredRedLPP,8,99.34731,4,2.666667,0.1207937,0.09075335
870,Normal,0,PredRedLPP,11,99.0853,4,2.666667,0.1144503,0.08114201
871,Normal,0,PredRedLPP,6,99.18135,4,2.666667,0.1794165,0.1534307
872,Normal,0,PredRedLPP,9,99.18626,3.428572,2.666667,0.1064009,0.1003569
873,Normal,0,PredRedLPP,8,99.13879,3.428572,2.666667,0.1548195,0.1317622
874,Normal,0,PredRedLPP,7,99.18007,3.333334,2.666667,0.1007084,0.06669448
875,Normal,0,PredRedLPP,9,99.07476,4,2.666667,0.1781809,0.1521315
876,Normal,0,PredRedLPP,12,99.10236,4,2.666667,0.1295322,0.1017544
877,Normal,0,PredRedLPP,4,99.13279,4,2.666667,0.08016665,0.07021165
878,Normal,0,PredRedLPP,11,99.16472,3.333334,2.666667,0.1213893,0.08246355
879,Normal,0,PredRedLPP,9,99.08451,4,2.666667,0.1264957,0.1091814
880,Normal,0,PredRedLPP,9,99.13419,4,2.666667,0.1221366,0.0800499
881,Normal,0,PredRedLPP,6,99.13844,4,2.666667,0.1180068,0.09018008
882,Normal,0,PredRedLPP,10,99.22267,4,2.666667,0.1007704,0.08853672
883,Normal,0,PredRedLPP,11,99.24895,4,2.666667,0.0997494,0.09810242
884,Normal,0,PredRedLPP,11,99.15725,4,2.666667,0.1236823,0.08630586
885,Normal,0,PredRedLPP,6,99.22174,4,2.666667,0.1787921,0.1298545
886,Normal,0,PredRedLPP,8,99.18566,4,2.666667,0.1411069,0.1052154
887,Normal,0,PredRedLPP,10,99.30413,4,2.666667,0.1505948,0.1546747
888,Normal,0,PredRedLPP,10,99.12121,4,2.666667,0.1322736,0.1250424
889,Normal,0,PredRedLPP,11,99.21783,4,2.666667,0.1274074,0.1024809
890,Normal,0,PredRedLPP,8,99.24316,4,2.666667,0.09734283,0.06830284
891,Normal,0,PredRedLPP,8,99.2317,4,2.666667,0.144376,0.1290386
892,Normal,0,PredRedLPP,8,99.07663,4,2.666667,0.1485541,0.11819
893,Normal,0,PredRedLPP,7,99.11056,3.333334,2.666667,0.1149909,0.08303949
894,Normal,0,PredRedLPP,11,99.34105,4,2.666667,0.1401113,0.09432285
895,Normal,0,PredRedLPP,7,99.14233,3.428572,2.666667,0.1085477,0.07957541
896,Normal,0,PredRedLPP,11,99.18916,4,2.666667,0.1342296,0.1100466
897,Normal,0,PredRedLPP,10,99.17019,4,2.666667,0.1243108,0.08580498
898,Normal,0,PredRedLPP,5,99.11429,4,2.666667,0.1326829,0.1085818
899,Normal,0,PredRedLPP,9,99.16131,4,2.666667,0.1224313,0.08760543
900,Normal,0,PredRedLPP,11,99.25134,4,2.666667,0.1897684,0.1494376
901,Normal,0,PredRedLPP,5,99.20136,4,2.666667,0.1474231,0.104539
902,Normal,0,PredRedLPP,13,99.21304,3.428572,2.666667,0.1281625,0.09126408
903,Normal,0,PredRedLPP,9,99.15824,4,2.666667,0.1661791,0.1387148
904,Normal,0,PredRedLPP,9,99.10085,4,2.666667,0.1045411,0.08184294
905,Normal,0,PredRedLPP,6,99.17455,3.428572,2.666667,0.1739708,0.139632
906,Normal,0,PredRedLPP,9,99.08353,4,2.666667,0.1931837,0.1520015
907,Normal,0,PredRedLPP,8,99.16635,3.428571,2.666667,0.09356819,0.08013521
908,Normal,0,PredRedLPP,12,99.26218,4,2.666667,0.158226,0.1263277
909,Normal,0,PredRedLPP,7,99.31701,4,2.666667,0.1193096,0.09575178
910,Normal,0,PredRedLPP,7,99.24659,4,2.666667,0.1248628,0.1021351
911,Normal,0,PredRedLPP,10,99.24339,4,2.666667,0.1255509,0.1016064
912,Normal,0,PredRedLPP,4,99.11884,4,2.666667,0.1068914,0.07318875
913,Normal,0,PredRedLPP,8,99.21921,4,2.666667,0.1675122,0.142845
914,Normal,0,PredRedLPP,12,99.11442,4,2.666667,0.1222468,0.09221533
915,Normal,0,PredRedLPP,9,99.21638,4,2.666667,0.1498088,0.1111962
916,Normal,0,PredRedLPP,8,99.23746,4,2.666667,0.1238994,0.08985724
917,Normal,0,PredRedLPP,5,99.17922,4,2.666667,0.09814813,0.08255526
918,Normal,0,PredRedLPP,9,99.21548,3.333334,2.666667,0.1647302,0.1339186
919,Normal,0,PredRedLPP,11,99.30922,4,2.666667,0.1129179,0.08202827
920,Normal,0,PredRedLPP,7,99.20055,4,2.666667,0.1027749,0.08620914
921,Normal,0,PredRedLPP,10,99.27393,4,2.666667,0.1320959,0.08663993
922,Normal,0,PredRedLPP,7,99.14693,3.533334,2.666667,0.1695193,0.1459513
923,Normal,0,PredRedLPP,14,99.11524,4,2.666667,0.1354212,0.1065356
924,Normal,0,PredRedLPP,10,99.22236,4,2.666667,0.1398497,0.1092732
925,Normal,0,PredRedLPP,7,99.18219,4,2.666667,0.1276387,0.09841274
926,Normal,0,PredRedLPP,6,99.16389,3.428571,2.666667,0.1075769,0.08757313
927,Normal,0,PredRedLPP,9,99.18021,4,2.666667,0.1203957,0.09294775
928,Normal,0,PredRedLPP,13,99.20535,4,2.666667,0.1600476,0.1168708
929,Normal,0,PredRedLPP,11,99.1847,4,2.666667,0.1327856,0.09544677
930,Normal,0,PredRedLPP,7,99.18446,4,2.666667,0.1049004,0.08021131
931,Normal,0,PredRedLPP,7,99.14856,4,2.666667,0.08855722,0.09612091
932,Normal,0,PredRedLPP,11,99.19098,4,2.666667,0.1166791,0.0960004
933,Normal,0,PredRedLPP,6,99.27111,4,2.666667,0.201274,0.1645883
934,Normal,0,PredRedLPP,10,99.0989,3.428572,2.666667,0.16632,0.1227954
935,Normal,0,PredRedLPP,9,99.08036,4,2.666667,0.1130962,0.1075664
936,Normal,0,PredRedLPP,9,99.16824,4,2.666667,0.1235174,0.09555944
937,Normal,0,PredRedLPP,8,99.17075,3.428572,2.666667,0.1169692,0.09110384
938,Normal,0,PredRedLPP,12,99.10784,3.428571,2.666667,0.1298846,0.09638999
939,Normal,0,PredRedLPP,13,99.22114,4,2.666667,0.1467323,0.1218173
940,Normal,0,PredRedLPP,9,99.22305,4,2.666667,0.2013899,0.1563033
941,Normal,0,PredRedLPP,8,99.15884,4,2.666667,0.1307809,0.09142666
942,Normal,0,PredRedLPP,8,99.11183,4,2.666667,0.1244271,0.08645837
943,Normal,0,PredRedLPP,10,99.07164,4,2.666667,0.1216515,0.08317269
944,Normal,0,PredRedLPP,10,99.1001,4,2.666667,0.1125815,0.08621554
945,Normal,0,PredRedLPP,10,99.20455,4,2.666667,0.1361189,0.1060747
946,Normal,0,PredRedLPP,8,99.19797,4,2.666667,0.1082203,0.08232871
947,Normal,0,PredRedLPP,9,99.23339,4,2.666667,0.1137409,0.1035478
948,Normal,0,PredRedLPP,8,99.08727,3.428572,2.666667,0.1487085,0.1080039
949,Normal,0,PredRedLPP,5,99.06586,4,2.666667,0.1130551,0.09353617
950,Normal,0,PredRedLPP,11,99.092,4,2.666667,0.1402383,0.1005499
951,Normal,0,PredRedLPP,7,99.2684,3.333332,2.666667,0.1209639,0.08327918
952,Normal,0,PredRedLPP,4,99.15641,4,2.666667,0.1193548,0.121147
953,Normal,0,PredRedLPP,11,99.18682,4,2.666667,0.1510005,0.1082526
954,Normal,0,PredRedLPP,8,99.13126,4,2.666667,0.1181396,0.08988312
955,Normal,0,PredRedLPP,7,99.15275,4,2.666667,0.1209992,0.08202422
956,Normal,0,PredRedLPP,9,99.22388,3.428571,2.666667,0.1196633,0.08798533
957,Normal,0,PredRedLPP,10,99.27625,3.428571,2.666667,0.1082513,0.09373371
958,Normal,0,PredRedLPP,9,99.1645,4,2.666667,0.1595508,0.1242789
959,Normal,0,PredRedLPP,8,99.25078,4,2.666667,0.1216588,0.08754057
960,Normal,0,PredRedLPP,10,99.30785,3.333334,2.666667,0.1223066,0.09817667
961,Normal,0,PredRedLPP,6,99.18937,4,2.666667,0.1068604,0.07676443
962,Normal,0,PredRedLPP,9,99.12392,4,2.666667,0.1538038,0.1245645
963,Normal,0,PredRedLPP,9,99.17904,4,2.666667,0.1402682,0.09834763
964,Normal,0,PredRedLPP,13,99.03895,4,2.666667,0.1493827,0.1258897
965,Normal,0,PredRedLPP,10,99.04896,4,2.666667,0.1362578,0.1009264
966,Normal,0,PredRedLPP,9,99.2217,4,2.666667,0.1166409,0.09612131
967,Normal,0,PredRedLPP,6,99.23713,4,2.666667,0.1190703,0.0827214
968,Normal,0,PredRedLPP,9,99.05007,4,2.666667,0.142593,0.1135623
969,Normal,0,PredRedLPP,11,99.15165,4,2.666667,0.1424873,0.1195396
970,Normal,0,PredRedLPP,11,99.0568,4,2.666667,0.1333334,0.1058357
971,Normal,0,PredRedLPP,11,99.1337,4,2.666667,0.1439842,0.1042923
972,Normal,0,PredRedLPP,11,99.2062,4,2.666667,0.114471,0.100846
973,Normal,0,PredRedLPP,11,99.10928,4,2.666667,0.1160597,0.0962074
974,Normal,0,PredRedLPP,11,99.16629,4,2.666667,0.150796,0.1113528
975,Normal,0,PredRedLPP,5,99.18878,4,2.666667,0.1046533,0.08893025
976,Normal,0,PredRedLPP,5,99.15013,3.428572,2.666667,0.08502022,0.07702335
977,Normal,0,PredRedLPP,9,99.10867,3.428572,2.666667,0.1199398,0.08957687
978,Normal,0,PredRedLPP,8,99.16738,4,2.666667,0.1116232,0.08618731
979,Normal,0,PredRedLPP,11,99.19433,4,2.666667,0.12001,0.08720654
980,Normal,0,PredRedLPP,8,99.24146,4,2.666667,0.1274541,0.09453819
981,Normal,0,PredRedLPP,7,99.1576,4,2.666667,0.108417,0.08246617
982,Normal,0,PredRedLPP,6,99.29544,4,2.666667,0.1579119,0.1371864
983,Normal,0,PredRedLPP,9,99.09026,3.533334,2.666667,0.1277248,0.09173723
984,Normal,0,PredRedLPP,9,99.2222,4,2.666667,0.1342614,0.09374042
985,Normal,0,PredRedLPP,8,99.13744,4,2.666667,0.1148291,0.08884972
986,Normal,0,PredRedLPP,10,99.13387,3.428571,2.666667,0.1190548,0.09791043
987,Normal,0,PredRedLPP,11,99.08923,4,2.666667,0.1748893,0.1443624
988,Normal,0,PredRedLPP,10,99.20307,4,2.666667,0.1073429,0.08315011
989,Normal,0,PredRedLPP,12,99.11477,4,2.666667,0.1193008,0.08300673
990,Normal,0,PredRedLPP,12,99.12363,4,2.666667,0.1315777,0.1044856
991,Normal,0,PredRedLPP,9,99.21313,4,2.666667,0.1270882,0.09585765
992,Normal,0,PredRedLPP,9,99.13631,3.428572,2.666667,0.1045912,0.08338594
993,Normal,0,PredRedLPP,5,99.23955,3.428572,2.666667,0.0852828,0.08158784
994,Normal,0,PredRedLPP,9,99.22556,4,2.666667,0.1100402,0.104848
995,Normal,0,PredRedLPP,9,99.11394,4,2.666667,0.1716115,0.152752
996,Normal,0,PredRedLPP,6,99.24229,4,2.666667,0.1186133,0.08218416
997,Normal,0,PredRedLPP,9,99.15765,3.428572,2.666667,0.102112,0.081447
998,Normal,0,PredRedLPP,11,99.16515,3.766667,2.666667,0.1256354,0.0878268
999,Normal,0,PredRedLPP,10,99.15021,4,2.666667,0.1259874,0.08788262
1000,Normal,0,PredRedLPP,10,99.16025,4,2.666667,0.1290484,0.1149786
1001,Normal,0,PredRedLPP,7,99.08373,3.428572,2.666667,0.1184073,0.1015874
1002,Normal,0,PredRedLPP,8,99.15661,4,2.666667,0.1139009,0.08593877
1003,Normal,0,PredRedLPP,8,99.04819,3.999999,2.666667,0.1966265,0.1622597
1004,Normal,0,PredRedLPP,10,99.14796,4,2.666667,0.1351474,0.09526209
1005,Normal,0,PredRedLPP,4,99.20089,4,2.666667,0.1110565,0.1074841
1006,Normal,0,PredRedLPP,12,99.09168,4,2.666667,0.1573979,0.1237233
1007,Normal,0,PredRedLPP,11,99.05884,4,2.666667,0.1194566,0.08537695
1008,Normal,0,PredRedLPP,10,99.27052,4,2.666667,0.1184154,0.08580932
1009,Normal,0,PredRedLPP,10,99.0816,3.566666,2.666667,0.1221648,0.08345346
1010,Normal,0,PredRedLPP,8,99.1727,4,2.666667,0.1370764,0.09854968
1011,Normal,0,PredRedLPP,7,99.01324,4,2.666667,0.1425199,0.1048914
1012,Normal,0,PredRedLPP,9,99.17487,3.428572,2.666667,0.12729,0.1064754
1013,Normal,0,PredRedLPP,9,99.20031,4,2.666667,0.1204788,0.07945183
1014,Normal,0,PredRedLPP,7,99.09846,3.428571,2.666667,0.107276,0.09416241
1015,Normal,0,PredRedLPP,6,99.1949,4,2.666667,0.1160138,0.1011508
1016,Normal,0,PredRedLPP,8,99.20002,4,2.666667,0.1237584,0.08743573
1017,Normal,0,PredRedLPP,10,99.13535,4,2.666667,0.1267214,0.1074772
1018,Normal,0,PredRedLPP,7,99.12032,3.800001,2.666667,0.1079414,0.08310627
1019,Normal,0,PredRedLPP,11,99.24919,4,2.666667,0.1275783,0.09925911
1020,Normal,0,PredRedLPP,8,99.21677,4,2.666667,0.1214491,0.09671243
1021,Normal,0,PredRedLPP,13,98.97934,4,2.666667,0.1221043,0.09615925
1022,Normal,0,PredRedLPP,13,99.28304,4,2.666667,0.1674215,0.1385972
1023,Normal,0,PredRedLPP,9,99.22432,4,2.666667,0.1215976,0.07685677
1024,Normal,0,PredRedLPP,6,99.25544,4,2.666667,0.1133494,0.07761279
1025,Normal,0,PredRedLPP,6,99.116,4,2.666667,0.113829,0.08820881
1026,Normal,0,PredRedLPP,10,99.14454,4,2.666667,0.1371385,0.09000683
1027,Normal,0,PredRedLPP,8,99.07455,4,2.666667,0.09741159,0.07205887
1028,Normal,0,PredRedLPP,7,99.08679,4,2.666667,0.1167316,0.09157681
1029,Normal,0,PredRedLPP,9,99.10444,4,2.666667,0.1301949,0.09982282
1030,Normal,0,PredRedLPP,7,99.25435,4,2.666667,0.08579986,0.1124457
1031,Normal,0,PredRedLPP,7,99.06395,4,2.666667,0.1207586,0.1069418
1032,Normal,0,PredRedLPP,8,99.24009,4,2.666667,0.1265063,0.09703598
1033,Normal,0,PredRedLPP,7,99.16355,4,2.666667,0.143058,0.1042659
1034,Normal,0,PredRedLPP,7,99.08557,4,2.666667,0.1049909,0.09826741
1035,Normal,0,PredRedLPP,8,99.22404,4,2.666667,0.1206224,0.08809525
1036,Normal,0,PredRedLPP,11,99.09319,4,2.666667,0.2026589,0.157943
1037,Normal,0,PredRedLPP,8,99.18602,3.333334,2.666667,0.1169007,0.08685835
1038,Normal,0,PredRedLPP,12,99.16026,4,2.666667,0.1565407,0.120432
1039,Normal,0,PredRedLPP,7,99.16476,4,2.666667,0.1261587,0.09990149
1040,Normal,0,PredRedLPP,7,99.23039,3.333332,2.666667,0.1268126,0.0915105
1041,Normal,0,PredRedLPP,9,99.14157,4,2.666667,0.1143515,0.07874381
1042,Normal,0,PredRedLPP,8,99.10192,4,2.666667,0.1272497,0.09171346
1043,Normal,0,PredRedLPP,7,99.15313,3.428572,2.666667,0.1106192,0.08307674
1044,Normal,0,PredRedLPP,9,99.32616,4,2.666667,0.13704,0.1054058
1045,Normal,0,PredRedLPP,7,99.16541,4,2.666667,0.1323899,0.09933114
1046,Normal,0,PredRedLPP,9,99.18959,4,2.666667,0.1287128,0.0972449
1047,Normal,0,PredRedLPP,9,99.22115,4,2.666667,0.1332757,0.1014238
1048,Normal,0,PredRedLPP,8,99.1519,4,2.666667,0.1763441,0.1572917
1049,Normal,0,PredRedLPP,12,99.22847,4,2.666667,0.1273598,0.1047619
1050,Normal,0,PredRedLPP,12,99.19942,4,2.666667,0.1503797,0.1316586
1051,Normal,0,PredRedLPP,8,99.13711,4,2.666667,0.1558203,0.1078442
1052,Normal,0,PredRedLPP,6,99.27979,4,2.666667,0.1026211,0.08905028
1053,Normal,0,PredRedLPP,8,99.1809,4,2.666667,0.129609,0.1074538
1054,Normal,0,PredRedLPP,7,99.14223,3.333334,2.666667,0.1174776,0.09313491
1055,Normal,0,PredRedLPP,11,99.2556,3.428572,2.666667,0.1194277,0.08041214
1056,Normal,0,PredRedLPP,6,99.15225,4,2.666667,0.1333862,0.09105566
1057,Normal,0,PredRedLPP,7,99.39792,4,2.666667,0.1206607,0.09125116
1058,Normal,0,PredRedLPP,9,99.17002,3.428571,2.666667,0.1525858,0.1255798
1059,Normal,0,PredRedLPP,10,99.16982,4,2.666667,0.1803133,0.1363588
1060,Normal,0,PredRedLPP,11,99.28824,4,2.666667,0.1667677,0.1318904
1061,Normal,0,PredRedLPP,7,99.21233,4,2.666667,0.1824079,0.1415149
1062,Normal,0,PredRedLPP,10,99.09522,3.428572,2.666667,0.1395638,0.1014542
1063,Normal,0,PredRedLPP,11,99.10893,3.333334,2.666667,0.1354739,0.1000339
1064,Normal,0,PredRedLPP,2,99.19048,4,2.666667,0.1116293,0.08344985
1065,Normal,0,PredRedLPP,12,99.08968,4,2.666667,0.192913,0.1552215
1066,Normal,0,PredRedLPP,12,99.12132,4,2.666667,0.1138828,0.08503583
1067,Normal,0,PredRedLPP,4,99.15866,4,2.666667,0.1067054,0.08403665
1068,Normal,0,PredRedLPP,9,99.28583,4,2.666667,0.1159959,0.09283014
1069,Normal,0,PredRedLPP,8,99.16889,4,2.666667,0.1462721,0.1192758
1070,Normal,0,PredRedLPP,7,99.20975,3.333332,2.666667,0.115566,0.09633622
1071,Normal,0,PredRedLPP,5,99.07005,4,2.666667,0.1240011,0.08612037
1072,Normal,0,PredRedLPP,6,99.08562,3.428571,2.666667,0.1240334,0.09742751
1073,Normal,0,PredRedLPP,8,99.19394,4,2.666667,0.1685937,0.1299405
1074,Normal,0,PredRedLPP,7,99.16486,4,2.666667,0.1047243,0.07693275
1075,Normal,0,PredRedLPP,14,99.14819,4,2.666667,0.1441211,0.1227123
1076,Normal,0,PredRedLPP,10,99.23875,4,2.666667,0.124749,0.0964525
1077,Normal,0,PredRedLPP,9,99.09037,4,2.666667,0.1294591,0.08855347
1078,Normal,0,PredRedLPP,8,99.20224,4,2.666667,0.1596179,0.1218005
1079,Normal,0,PredRedLPP,10,99.15417,4,2.666667,0.1277778,0.1043579
1080,Normal,0,ThomasAPF,5,99.28707,2.600001,2.666667,0.06440371,0.04461921
1081,Normal,0,ThomasAPF,5,99.25749,2.600001,2.666667,0.06362282,0.05513638
1082,Normal,0,ThomasAPF,6,99.22478,2.600001,2.666667,0.0534406,0.05764787
1083,Normal,0,ThomasAPF,5,99.29491,2.600001,2.666667,0.07110304,0.07183812
1084,Normal,0,ThomasAPF,6,99.20938,2.600001,2.666667,0.05808761,0.03631361
1085,Normal,0,ThomasAPF,6,99.17328,2.600001,2.666667,0.04844722,0.04259096
1086,Normal,0,ThomasAPF,4,99.21529,2.600001,2.666667,0.06218955,0.07091022
1087,Normal,0,ThomasAPF,5,99.28803,2.6,2.666667,0.06873292,0.02801291
1088,Normal,0,ThomasAPF,5,99.14639,2.600001,2.666667,0.0497268,0.04225865
1089,Normal,0,ThomasAPF,3,99.27411,2.600001,2.666667,0.06029687,0.03651677
1090,Normal,0,ThomasAPF,7,99.29055,2.600001,2.666667,0.06179443,0.06801917
1091,Normal,0,ThomasAPF,5,99.22578,2.600001,2.666667,0.05466182,0.06117063
1092,Normal,0,ThomasAPF,1,99.20917,2.600001,2.666667,0.05954202,0.06143223
1093,Normal,0,ThomasAPF,2,99.185,2.600001,2.666667,0.06178711,0.04961073
1094,Normal,0,ThomasAPF,9,99.08884,2.600001,2.666667,0.0520434,0.07350043
1095,Normal,0,ThomasAPF,3,99.36814,2.600001,2.666667,0.06644015,0.02029813
1096,Normal,0,ThomasAPF,4,99.24861,2.600001,2.666667,0.05365856,0.04621938
1097,Normal,0,ThomasAPF,6,99.31023,2.600001,2.666667,0.05840075,0.06619608
1098,Normal,0,ThomasAPF,5,99.1841,2.600001,2.666667,0.0742195,0.04678365
1099,Normal,0,ThomasAPF,5,99.21772,2.600001,2.666667,0.05963305,0.07071505
1100,Normal,0,ThomasAPF,5,99.29472,2.600001,2.666667,0.0612319,0.06467684
1101,Normal,0,ThomasAPF,4,99.41117,2.600001,2.666667,0.05270985,0.0436095
1102,Normal,0,ThomasAPF,4,99.1987,2.600001,2.666667,0.0687831,0.091424
1103,Normal,0,ThomasAPF,9,99.29588,2.600001,2.666667,0.06116784,0.06408601
1104,Normal,0,ThomasAPF,5,99.27605,2.600001,2.666667,0.0546119,0.0706009
1105,Normal,0,ThomasAPF,4,99.29433,2.600001,2.666667,0.06288374,0.05894431
1106,Normal,0,ThomasAPF,5,99.26904,2.600001,2.666667,0.06399273,0.04445025
1107,Normal,0,ThomasAPF,5,99.19878,2.600001,2.666667,0.06517461,0.05280587
1108,Normal,0,ThomasAPF,7,99.22366,2.600001,2.666667,0.05315559,0.06309704
1109,Normal,0,ThomasAPF,3,99.28166,2.600001,2.666667,0.05877113,0.02753142
1110,Normal,0,S2C,10,99.2281,0,2.666667,0,0.03968889
1111,Normal,0,S2C,8,99.22193,0,2.666667,0,0.03522819
1112,Normal,0,S2C,7,99.22388,0,2.666667,0,0.05426893
1113,Normal,0,S2C,11,99.17165,0,2.666667,0,0.05215766
1114,Normal,0,S2C,9,99.01837,0,2.666667,0,0.0546917
1115,Normal,0,S2C,6,99.20129,0,2.666667,0,0.04529171
1116,Normal,0,S2C,9,99.07607,0,2.666667,0,0.05213855
1117,Normal,0,S2C,7,99.24904,0,2.666667,0,0.04655061
1118,Normal,0,S2C,10,99.24885,0,2.666667,0,0.05395592
1119,Normal,0,S2C,10,99.22169,0,2.666667,0,0.04061945
1120,Normal,0,S2C,6,99.02724,0,2.666667,0,0.04298564
1121,Normal,0,S2C,9,99.18407,0,2.666667,0,0.03076013
1122,Normal,0,S2C,8,99.19575,0,2.666667,0,0.04048625
1123,Normal,0,S2C,10,99.10246,0,2.666667,0,0.03592815
1124,Normal,0,S2C,8,99.06441,0,2.666667,0,0.05974554
1125,Normal,0,S2C,10,99.21098,0,2.666667,0,0.0308404
1126,Normal,0,S2C,12,99.1923,0,2.666667,0,0.08748423
1127,Normal,0,S2C,10,99.08718,0,2.666667,0,0.04471411
1128,Normal,0,S2C,7,99.1011,0,2.666667,0,0.03831946
1129,Normal,0,S2C,9,99.15081,0,2.666667,0,0.06403647
1130,Normal,0,S2C,8,99.25626,0,2.666667,0,0.04054742
1131,Normal,0,S2C,8,99.22189,0,2.666667,0,0.04104883
1132,Normal,0,S2C,7,99.21478,0,2.666667,0,0.03902441
1133,Normal,0,S2C,6,99.22021,0,2.666667,0,0.0488962
1134,Normal,0,S2C,8,99.07618,0,2.666667,0,0.05517587
1135,Normal,0,S2C,7,99.11314,0,2.666667,0,0.04833132
1136,Normal,0,S2C,8,99.16676,0,2.666667,0,0.05512338
1137,Normal,0,S2C,11,99.18737,0,2.666667,0,0.06213299
1138,Normal,0,S2C,7,99.21008,0,2.666667,0,0.02404372
1139,Normal,0,S2C,9,99.26715,0,2.666667,0,0.05165973
1140,Normal,0,None,10,99.25945,0,0,0,0
1141,Normal,0,None,9,99.19035,0,0,0,0
1142,Normal,0,None,11,99.18141,0,0,0,0
1143,Normal,0,None,10,99.06709,0,0,0,0
1144,Normal,0,None,11,99.07944,0,0,0,0
1145,Normal,0,None,14,99.21394,0,0,0,0
1146,Normal,0,None,14,99.13013,0,0,0,0
1147,Normal,0,None,8,99.11526,0,0,0,0
1148,Normal,0,None,9,99.22556,0,0,0,0
1149,Normal,0,None,10,99.1583,0,0,0,0
1150,Normal,0,None,9,99.19163,0,0,0,0
1151,Normal,0,None,10,99.19302,0,0,0,0
1152,Normal,0,None,14,99.18286,0,0,0,0
1153,Normal,0,None,11,99.03173,0,0,0,0
1154,Normal,0,None,6,99.16199,0,0,0,0
1155,Normal,0,None,9,99.18896,0,0,0,0
1156,Normal,0,None,14,99.23491,0,0,0,0
1157,Normal,0,None,9,99.18991,0,0,0,0
1158,Normal,0,None,11,99.23117,0,0,0,0
1159,Normal,0,None,10,99.24168,0,0,0,0
1160,Normal,0,None,11,99.20984,0,0,0,0
1161,Normal,0,None,15,99.15588,0,0,0,0
1162,Normal,0,None,12,99.17427,0,0,0,0
1163,Normal,0,None,11,99.2691,0,0,0,0
1164,Normal,0,None,9,99.16559,0,0,0,0
1165,Normal,0,None,15,99.17918,0,0,0,0
1166,Normal,0,None,11,99.14672,0,0,0,0
1167,Normal,0,None,9,99.24274,0,0,0,0
1168,Normal,0,None,9,99.23142,0,0,0,0
1169,Normal,0,None,12,99.19606,0,0,0,0
1170,Normal,0,PredRedLPP,9,99.25046,4,2.666667,0.1059222,0.1089356
1170,Normal,1,PredRedLPP,13,99.14758,3.428572,8.666667,0.1381195,0.1090738
1171,Normal,0,PredRedLPP,9,99.2696,4,2.666667,0.1406274,0.1229521
1171,Normal,1,PredRedLPP,9,99.22038,4,2.666667,0.1185922,0.09285293
1172,Normal,0,PredRedLPP,10,99.13467,4,2.666667,0.2101613,0.1848494
1172,Normal,1,PredRedLPP,8,99.21628,3.428571,2.666667,0.151425,0.1335458
1173,Normal,0,PredRedLPP,8,99.30155,4,2.666667,0.1421081,0.1106713
1173,Normal,1,PredRedLPP,9,99.11002,4,2.666667,0.1701374,0.1455324
1174,Normal,0,PredRedLPP,7,99.23515,4,2.666667,0.1417165,0.1166649
1174,Normal,1,PredRedLPP,12,99.18815,4,2.666667,0.1304433,0.1037706
1175,Normal,0,PredRedLPP,13,99.13089,4,2.666667,0.1300793,0.09615031
1175,Normal,1,PredRedLPP,8,99.19477,4,2.666667,0.1024542,0.09066797
1176,Normal,0,PredRedLPP,8,99.13019,3.428572,2.666667,0.1329804,0.1095598
1176,Normal,1,PredRedLPP,9,99.26749,4,2.666667,0.1108926,0.0959585
1177,Normal,0,PredRedLPP,9,99.15897,4,2.666667,0.1835347,0.1552295
1177,Normal,1,PredRedLPP,8,99.33997,4,2.666667,0.1083081,0.08205057
1178,Normal,0,PredRedLPP,9,99.21732,4,2.666667,0.1246467,0.1008922
1178,Normal,1,PredRedLPP,4,99.22284,4,2.666667,0.1053567,0.08307329
1179,Normal,0,PredRedLPP,8,99.20286,4,2.666667,0.1550747,0.1353009
1179,Normal,1,PredRedLPP,9,99.1864,4,2.666667,0.1354457,0.1008807
1180,Normal,0,PredRedLPP,10,99.12914,4,2.666667,0.1167294,0.0917745
1180,Normal,1,PredRedLPP,8,99.21624,4,2.666667,0.1216884,0.09817622
1181,Normal,0,PredRedLPP,12,99.24748,4,2.666667,0.1056501,0.08999803
1181,Normal,1,PredRedLPP,8,99.2399,3.428571,2.666667,0.1137923,0.09883334
1182,Normal,0,PredRedLPP,10,99.23224,4,2.666667,0.1461172,0.1171851
1182,Normal,1,PredRedLPP,10,99.19096,4,2.666667,0.1433981,0.1197428
1183,Normal,0,PredRedLPP,4,99.09036,3.428571,2.666667,0.1331714,0.1291948
1183,Normal,1,PredRedLPP,3,99.20756,4,2.666667,0.1096896,0.08806632
1184,Normal,0,PredRedLPP,9,99.14622,4,2.666667,0.1334349,0.1001463
1184,Normal,1,PredRedLPP,10,99.22495,4,2.666667,0.1947703,0.1622555
1185,Normal,0,PredRedLPP,8,99.22506,4,2.666667,0.1196456,0.09329346
1185,Normal,1,PredRedLPP,10,99.18468,4,2.666667,0.1519653,0.1219767
1186,Normal,0,PredRedLPP,8,99.16989,4,2.666667,0.1298728,0.1039622
1186,Normal,1,PredRedLPP,9,99.18735,4,2.666667,0.1043257,0.08239429
1187,Normal,0,PredRedLPP,9,99.0358,4,2.666667,0.1380232,0.1077732
1187,Normal,1,PredRedLPP,8,99.09498,4,2.666667,0.1343419,0.1049396
1188,Normal,0,PredRedLPP,8,99.23296,4,2.666667,0.1239918,0.08357033
1188,Normal,1,PredRedLPP,9,99.21021,4,2.666667,0.138489,0.1189918
1189,Normal,0,PredRedLPP,13,99.13596,4,2.666667,0.1318595,0.09259456
1189,Normal,1,PredRedLPP,9,99.21014,4,2.666667,0.1129944,0.08646526
1190,Normal,0,PredRedLPP,8,99.15321,4,2.666667,0.1149988,0.07846848
1190,Normal,1,PredRedLPP,10,99.11002,4,2.666667,0.1385435,0.1103887
1191,Normal,0,PredRedLPP,12,99.24923,4,2.666667,0.1331367,0.1144824
1191,Normal,1,PredRedLPP,7,99.14566,4,2.666667,0.1166175,0.0903685
1192,Normal,0,PredRedLPP,7,99.23265,4,2.666667,0.2041773,0.1743942
1192,Normal,1,PredRedLPP,10,99.15047,4,2.666667,0.1165668,0.08802398
1193,Normal,0,PredRedLPP,10,99.15318,3.428571,2.666667,0.1189386,0.09491824
1193,Normal,1,PredRedLPP,9,99.20752,4,2.666667,0.1249873,0.08724098
1194,Normal,0,PredRedLPP,8,99.15053,4,2.666667,0.1968539,0.1705012
1194,Normal,1,PredRedLPP,11,99.25255,4,2.666667,0.1146067,0.09830568
1195,Normal,0,PredRedLPP,7,99.23853,4,2.666667,0.1232694,0.1118823
1195,Normal,1,PredRedLPP,8,99.07681,4,2.666667,0.1496297,0.1241136
1196,Normal,0,PredRedLPP,10,99.25282,4,2.666667,0.1266329,0.08786973
1196,Normal,1,PredRedLPP,12,99.11491,4,2.666667,0.1189684,0.08392156
1197,Normal,0,PredRedLPP,13,99.0914,3.428572,2.666667,0.1568148,0.1263396
1197,Normal,1,PredRedLPP,8,99.20183,4,2.666667,0.1387478,0.1059107
1198,Normal,0,PredRedLPP,8,99.23469,3.428571,2.666667,0.1201942,0.1279482
1198,Normal,1,PredRedLPP,8,99.07395,4,2.666667,0.1301636,0.1241114
1199,Normal,0,PredRedLPP,9,99.25809,4,2.666667,0.1126313,0.09399363
1199,Normal,1,PredRedLPP,6,99.22533,4,2.666667,0.09592623,0.08864975
1200,Normal,0,PredRedLPP,9,99.0699,4,2.666667,0.1160141,0.09060049
1200,Normal,1,PredRedLPP,9,99.29905,4,2.666667,0.1764414,0.1488334
1201,Normal,0,PredRedLPP,8,99.19212,4,2.666667,0.1134032,0.09928294
1201,Normal,1,PredRedLPP,6,99.23389,3.428572,2.666667,0.1117117,0.09114422
1202,Normal,0,PredRedLPP,8,99.0741,4,2.666667,0.1263158,0.1034083
1202,Normal,1,PredRedLPP,5,99.18694,3.428572,2.666667,0.160539,0.134796
1203,Normal,0,PredRedLPP,5,99.25773,4,2.666667,0.1324179,0.1173465
1203,Normal,1,PredRedLPP,9,99.10307,4,2.666667,0.128655,0.1012289
1204,Normal,0,PredRedLPP,11,99.165,4,2.666667,0.1281347,0.111731
1204,Normal,1,PredRedLPP,8,99.12374,4,2.666667,0.124507,0.09519114
1205,Normal,0,PredRedLPP,10,99.05803,3.428572,2.666667,0.1440231,0.1109707
1205,Normal,1,PredRedLPP,6,99.19755,4,2.666667,0.0953856,0.07749217
1206,Normal,0,PredRedLPP,8,99.2905,3.428572,2.666667,0.120595,0.07291742
1206,Normal,1,PredRedLPP,11,99.18002,3.428572,2.666667,0.1372723,0.1026565
1207,Normal,0,PredRedLPP,10,99.19566,4,2.666667,0.1727512,0.1432321
1207,Normal,1,PredRedLPP,14,99.17854,4,2.666667,0.1227393,0.1007601
1208,Normal,0,PredRedLPP,8,99.17422,3.428571,2.666667,0.1577852,0.1078627
1208,Normal,1,PredRedLPP,9,99.19901,4,2.666667,0.1345737,0.1086994
1209,Normal,0,PredRedLPP,13,99.15973,4,2.666667,0.1327503,0.1278912
1209,Normal,1,PredRedLPP,11,99.28074,4,2.666667,0.1326045,0.108751
1210,Normal,0,PredRedLPP,9,99.26137,4,2.666667,0.1761074,0.1534512
1210,Normal,1,PredRedLPP,9,99.1428,4,2.666667,0.1268901,0.09757626
1211,Normal,0,PredRedLPP,12,99.19216,3.428572,2.666667,0.1468567,0.1121739
1211,Normal,1,PredRedLPP,9,99.10235,4,2.666667,0.1250987,0.1001825
1212,Normal,0,PredRedLPP,5,99.18742,2.857143,2.666667,0.1048395,0.08443974
1212,Normal,1,PredRedLPP,11,99.09437,3.428572,2.666667,0.1150053,0.1023163
1213,Normal,0,PredRedLPP,10,99.20036,4,2.666667,0.1154645,0.09649636
1213,Normal,1,PredRedLPP,4,99.20721,4,2.666667,0.09384967,0.09610106
1214,Normal,0,PredRedLPP,13,99.18271,4,2.666667,0.1262494,0.119914
1214,Normal,1,PredRedLPP,6,99.21785,3.428571,2.666667,0.1109656,0.09375014
1215,Normal,0,PredRedLPP,7,99.21266,4,2.666667,0.1211688,0.09118088
1215,Normal,1,PredRedLPP,9,99.03548,4,2.666667,0.1383657,0.1183002
1216,Normal,0,PredRedLPP,12,99.21161,4,2.666667,0.1242543,0.1054142
1216,Normal,1,PredRedLPP,13,99.16147,3.428572,2.666667,0.1305556,0.107713
1217,Normal,0,PredRedLPP,9,99.18878,2.857143,2.666667,0.1210646,0.09502084
1217,Normal,1,PredRedLPP,9,99.23353,4,2.666667,0.1885425,0.1598745
1218,Normal,0,PredRedLPP,10,99.11449,3.428572,2.666667,0.1338806,0.1012557
1218,Normal,1,PredRedLPP,9,99.19822,4,2.666667,0.1325373,0.1085525
1219,Normal,0,PredRedLPP,12,99.19097,4,2.666667,0.1746265,0.152269
1219,Normal,1,PredRedLPP,8,99.11137,3.428571,2.666667,0.09762432,0.09575593
1220,Normal,0,PredRedLPP,13,99.1188,4,2.666667,0.1637006,0.1441127
1220,Normal,1,PredRedLPP,10,99.2533,4,2.666667,0.1096516,0.08456641
1221,Normal,0,PredRedLPP,12,99.14307,4,2.666667,0.1334797,0.0925024
1221,Normal,1,PredRedLPP,9,99.23682,4,2.666667,0.1194831,0.07491785
1222,Normal,0,PredRedLPP,12,99.06403,4,2.666667,0.1741409,0.1514792
1222,Normal,1,PredRedLPP,13,99.23249,4,2.666667,0.1191266,0.1017155
1223,Normal,0,PredRedLPP,9,99.18597,4,2.666667,0.1262223,0.09227514
1223,Normal,1,PredRedLPP,11,99.17297,4,2.666667,0.1262716,0.08784483
1224,Normal,0,PredRedLPP,11,99.16209,4,2.666667,0.1541916,0.1148845
1224,Normal,1,PredRedLPP,9,99.38052,3.428572,2.666667,0.1287782,0.09827963
1225,Normal,0,PredRedLPP,10,99.16681,4,2.666667,0.1176243,0.08336625
1225,Normal,1,PredRedLPP,12,99.225,4,2.666667,0.1364848,0.1098529
1226,Normal,0,PredRedLPP,9,99.10707,4,2.666667,0.09972326,0.089416
1226,Normal,1,PredRedLPP,9,99.23585,3.439999,2.666667,0.1199095,0.09473495
1227,Normal,0,PredRedLPP,8,99.32471,3.428572,2.666667,0.1252194,0.09860452
1227,Normal,1,PredRedLPP,10,99.19615,4,2.666667,0.1521651,0.1409869
1228,Normal,0,PredRedLPP,6,99.17515,4,2.666667,0.1397682,0.1170061
1228,Normal,1,PredRedLPP,10,99.08386,4,2.666667,0.1273694,0.1044123
1229,Normal,0,PredRedLPP,6,99.07936,4,2.666667,0.1041949,0.08072695
1229,Normal,1,PredRedLPP,14,99.22603,4,2.666667,0.1576484,0.1268931
1230,Normal,0,PredRedLPP,10,98.94865,4,2.666667,0.1716042,0.1491619
1230,Normal,1,PredRedLPP,9,99.26276,4,2.666667,0.133958,0.1132751
1231,Normal,0,PredRedLPP,8,99.28124,4,2.666667,0.1344445,0.1108692
1231,Normal,1,PredRedLPP,5,99.2702,3.428572,2.666667,0.1922222,0.1521794
1232,Normal,0,PredRedLPP,10,99.25285,3.333334,2.666667,0.1221742,0.1022021
1232,Normal,1,PredRedLPP,11,99.4154,4,2.666667,0.116591,0.09110775
1233,Normal,0,PredRedLPP,12,99.15379,4,2.666667,0.1203037,0.09881624
1233,Normal,1,PredRedLPP,8,99.26118,4,2.666667,0.1287429,0.1098352
1234,Normal,0,PredRedLPP,9,99.21328,4,2.666667,0.1674684,0.1480668
1234,Normal,1,PredRedLPP,8,99.14927,4,2.666667,0.1493723,0.1309859
1235,Normal,0,PredRedLPP,8,99.22189,4,2.666667,0.1509863,0.1319941
1235,Normal,1,PredRedLPP,10,99.17841,4,2.666667,0.1227473,0.1019341
1236,Normal,0,PredRedLPP,8,99.20632,4,2.666667,0.136683,0.1124879
1236,Normal,1,PredRedLPP,10,99.09983,4,2.666667,0.1092896,0.09150052
1237,Normal,0,PredRedLPP,13,99.1943,4,2.666667,0.1526278,0.1346452
1237,Normal,1,PredRedLPP,10,99.21241,3.428572,2.666667,0.1230142,0.09750079
1238,Normal,0,PredRedLPP,5,99.2168,4,2.666667,0.1152352,0.08895707
1238,Normal,1,PredRedLPP,9,99.16914,3.428572,2.666667,0.1282427,0.09402087
1239,Normal,0,PredRedLPP,12,99.12926,4,2.666667,0.1295644,0.09449224
1239,Normal,1,PredRedLPP,11,99.2429,4,2.666667,0.1349416,0.1265739
1240,Normal,0,PredRedLPP,11,99.21269,4,2.666667,0.1606244,0.1294778
1240,Normal,1,PredRedLPP,9,99.17728,3.428572,2.666667,0.1272263,0.1136719
1241,Normal,0,PredRedLPP,8,99.19834,4,2.666667,0.1167146,0.08869202
1241,Normal,1,PredRedLPP,8,99.21453,3.428571,2.666667,0.1532151,0.1212846
1242,Normal,0,PredRedLPP,12,99.11351,4,2.666667,0.1392875,0.1024468
1242,Normal,1,PredRedLPP,10,99.21783,4,2.666667,0.1281417,0.09950791
1243,Normal,0,PredRedLPP,9,99.20387,4,2.666667,0.1448046,0.1273565
1243,Normal,1,PredRedLPP,8,99.1251,4,2.666667,0.1266461,0.1091025
1244,Normal,0,PredRedLPP,12,99.2134,4,2.666667,0.1197091,0.1018459
1244,Normal,1,PredRedLPP,11,99.16254,4,2.666667,0.153323,0.1174257
1245,Normal,0,PredRedLPP,7,99.133,4,2.666667,0.1046723,0.07056718
1245,Normal,1,PredRedLPP,12,99.09279,4,2.666667,0.1544622,0.09575266
1246,Normal,0,PredRedLPP,11,99.18645,4,2.666667,0.09725549,0.08544818
1246,Normal,1,PredRedLPP,11,99.14725,4,2.666667,0.1307884,0.1065583
1247,Normal,0,PredRedLPP,8,99.14893,4,2.666667,0.1409945,0.1117538
1247,Normal,1,PredRedLPP,8,99.10815,4,2.666667,0.1475394,0.1398952
1248,Normal,0,PredRedLPP,9,99.19601,3.428572,2.666667,0.1472555,0.1103507
1248,Normal,1,PredRedLPP,10,99.16978,4,2.666667,0.1147135,0.09614107
1249,Normal,0,PredRedLPP,6,99.13396,3.428572,2.666667,0.1235181,0.09900495
1249,Normal,1,PredRedLPP,10,99.18506,4,2.666667,0.1697015,0.1480692
1250,Normal,0,PredRedLPP,15,99.07137,4,2.666667,0.1312177,0.09397176
1250,Normal,1,PredRedLPP,6,99.19482,4,2.666667,0.1056396,0.07543066
1251,Normal,0,PredRedLPP,9,99.28865,3.428571,2.666667,0.1246198,0.09410378
1251,Normal,1,PredRedLPP,9,99.35072,4,2.666667,0.1473576,0.1145705
1252,Normal,0,PredRedLPP,10,99.19103,4,2.666667,0.1629408,0.1469939
1252,Normal,1,PredRedLPP,4,99.24504,4,2.666667,0.09652412,0.08107743
1253,Normal,0,PredRedLPP,5,99.09409,4,2.666667,0.08518247,0.07332557
1253,Normal,1,PredRedLPP,12,99.13255,4,2.666667,0.1250931,0.09535629
1254,Normal,0,PredRedLPP,9,99.21986,3.428572,2.666667,0.1513333,0.1304029
1254,Normal,1,PredRedLPP,8,99.2619,4,2.666667,0.1122198,0.09177047
1255,Normal,0,PredRedLPP,8,99.28674,3.428572,2.666667,0.1275363,0.08909475
1255,Normal,1,PredRedLPP,12,99.22274,4,2.666667,0.1460575,0.1198255
1256,Normal,0,PredRedLPP,9,99.28621,4,2.666667,0.1125005,0.09501404
1256,Normal,1,PredRedLPP,9,99.24936,4,2.666667,0.147548,0.1132898
1257,Normal,0,PredRedLPP,11,99.20718,4,2.666667,0.1589513,0.1288675
1257,Normal,1,PredRedLPP,6,99.30531,3.428572,2.666667,0.1210487,0.09539983
1258,Normal,0,PredRedLPP,5,99.20586,4,2.666667,0.1374407,0.1004639
1258,Normal,1,PredRedLPP,8,99.27888,4,2.666667,0.1235914,0.09473658
1259,Normal,0,PredRedLPP,11,99.09624,4,2.666667,0.1282057,0.101592
1259,Normal,1,PredRedLPP,6,99.17548,4,2.666667,0.10083,0.07758318
1260,Normal,0,PredRedLPP,6,99.19624,2.857143,2.666667,0.08380085,0.09030409
1260,Normal,1,PredRedLPP,9,99.21471,4,2.666667,0.1732625,0.1256652
1261,Normal,0,PredRedLPP,5,99.11996,4,2.666667,0.1314388,0.1117695
1261,Normal,1,PredRedLPP,9,99.10065,4,2.666667,0.1283154,0.1099652
1262,Normal,0,PredRedLPP,9,99.11151,3.428572,2.666667,0.1171348,0.0841992
1262,Normal,1,PredRedLPP,8,99.17104,3.428572,2.666667,0.1690568,0.1357223
1263,Normal,0,PredRedLPP,15,99.20712,4,2.666667,0.1269797,0.09770747
1263,Normal,1,PredRedLPP,10,99.18421,4,2.666667,0.1043681,0.08713584
1264,Normal,0,PredRedLPP,9,99.10535,4,2.666667,0.1147044,0.09632625
1264,Normal,1,PredRedLPP,10,99.03533,3.428572,2.666667,0.1973814,0.1633951
1265,Normal,0,PredRedLPP,9,99.16101,4,2.666667,0.168642,0.146314
1265,Normal,1,PredRedLPP,11,99.133,3.333334,2.666667,0.1509066,0.1346502
1266,Normal,0,PredRedLPP,9,99.17626,4,2.666667,0.1515284,0.1231222
1266,Normal,1,PredRedLPP,8,99.14046,4,2.666667,0.1078297,0.09477661
1267,Normal,0,PredRedLPP,9,99.00568,4,2.666667,0.1324868,0.09778716
1267,Normal,1,PredRedLPP,8,99.23505,4,2.666667,0.1230759,0.09251029
1268,Normal,0,PredRedLPP,9,99.25655,4,2.666667,0.1287643,0.1231766
1268,Normal,1,PredRedLPP,6,99.27521,4,2.666667,0.1588785,0.1299016
1269,Normal,0,PredRedLPP,8,99.24046,4,2.666667,0.1426917,0.1320837
1269,Normal,1,PredRedLPP,13,99.09455,4,2.666667,0.1329475,0.1007971
1270,Normal,0,PredRedLPP,6,99.14849,3.333334,2.666667,0.1773913,0.143999
1270,Normal,1,PredRedLPP,6,99.12999,3.428572,2.666667,0.1380237,0.09461071
1271,Normal,0,PredRedLPP,11,99.0459,3.333334,2.666667,0.123317,0.09637104
1271,Normal,1,PredRedLPP,7,99.20468,4,2.666667,0.1126001,0.08696053
1272,Normal,0,PredRedLPP,10,99.18398,4,2.666667,0.1385041,0.1240295
1272,Normal,1,PredRedLPP,10,99.24393,4,2.666667,0.1826306,0.1528496
1273,Normal,0,PredRedLPP,8,99.25391,3.533334,2.666667,0.1253932,0.09194001
1273,Normal,1,PredRedLPP,10,99.1363,4,2.666667,0.1762012,0.1476349
1274,Normal,0,PredRedLPP,7,99.17989,4,2.666667,0.1222235,0.1027769
1274,Normal,1,PredRedLPP,10,99.15199,4,2.666667,0.1271376,0.1006904
1275,Normal,0,PredRedLPP,8,99.11692,4,2.666667,0.1228976,0.0976022
1275,Normal,1,PredRedLPP,10,99.2227,3.428572,2.666667,0.1305254,0.09657934
1276,Normal,0,PredRedLPP,8,99.12795,4,2.666667,0.1104677,0.08583448
1276,Normal,1,PredRedLPP,12,99.22152,4,2.666667,0.1182381,0.08710718
1277,Normal,0,PredRedLPP,8,99.14249,4,2.666667,0.1630721,0.1340378
1277,Normal,1,PredRedLPP,8,99.29605,4,2.666667,0.102405,0.1009174
1278,Normal,0,PredRedLPP,14,99.06109,3.428571,2.666667,0.1320833,0.1066506
1278,Normal,1,PredRedLPP,10,99.2707,3.800001,2.666667,0.1002588,0.09584299
1279,Normal,0,PredRedLPP,8,99.25423,3.428572,2.666667,0.1005711,0.107353
1279,Normal,1,PredRedLPP,7,99.23428,4,2.666667,0.1318796,0.1122386
1280,Normal,0,PredRedLPP,11,99.09055,4,2.666667,0.1221486,0.1082682
1280,Normal,1,PredRedLPP,9,99.2664,4,2.666667,0.1225551,0.09303761
1281,Normal,0,PredRedLPP,10,98.99989,4,2.666667,0.1028712,0.07649506
1281,Normal,1,PredRedLPP,7,99.17374,4,2.666667,0.1467581,0.122767
1282,Normal,0,PredRedLPP,12,99.05677,4,2.666667,0.1412641,0.1201634
1282,Normal,1,PredRedLPP,7,99.2475,4,2.666667,0.104398,0.08318514
1283,Normal,0,PredRedLPP,8,99.18736,3.428572,2.666667,0.1300254,0.1056101
1283,Normal,1,PredRedLPP,9,99.18679,4,2.666667,0.170229,0.1565588
1284,Normal,0,PredRedLPP,9,99.23851,4,2.666667,0.1160978,0.102408
1284,Normal,1,PredRedLPP,12,99.10484,4,2.666667,0.1731923,0.1308573
1285,Normal,0,PredRedLPP,11,99.19386,3.428572,2.666667,0.1214322,0.09472407
1285,Normal,1,PredRedLPP,10,99.29678,4,2.666667,0.1327836,0.1135623
1286,Normal,0,PredRedLPP,8,99.27175,4,2.666667,0.1168302,0.1099731
1286,Normal,1,PredRedLPP,9,99.12711,4,2.666667,0.1384654,0.1001593
1287,Normal,0,PredRedLPP,11,99.24091,4,2.666667,0.1308642,0.1082639
1287,Normal,1,PredRedLPP,14,99.21462,4,2.666667,0.1529412,0.1288562
1288,Normal,0,PredRedLPP,10,99.22828,3.6,2.666667,0.1072421,0.09372857
1288,Normal,1,PredRedLPP,13,99.24472,4,2.666667,0.1654621,0.1313965
1289,Normal,0,PredRedLPP,8,99.21729,4,2.666667,0.1215742,0.1022378
1289,Normal,1,PredRedLPP,9,99.11984,4,2.666667,0.1567279,0.1414495
1290,Normal,0,PredRedLPP,9,99.23639,4,2.666667,0.1501626,0.1065106
1290,Normal,1,PredRedLPP,8,99.05769,4,2.666667,0.160344,0.1425922
1291,Normal,0,PredRedLPP,9,99.27032,3.333332,2.666667,0.1217121,0.1095774
1291,Normal,1,PredRedLPP,11,99.22528,4,2.666667,0.1050687,0.09568989
1292,Normal,0,PredRedLPP,11,99.12688,4,2.666667,0.1235605,0.1042067
1292,Normal,1,PredRedLPP,10,99.22899,4,2.666667,0.1326856,0.1025174
1293,Normal,0,PredRedLPP,10,99.09145,4,2.666667,0.1365939,0.1325451
1293,Normal,1,PredRedLPP,6,99.12477,3.428571,2.666667,0.09987459,0.0919369
1294,Normal,0,PredRedLPP,12,99.20745,4,2.666667,0.1228614,0.09903078
1294,Normal,1,PredRedLPP,11,99.18665,4,2.666667,0.1445779,0.1156811
1295,Normal,0,PredRedLPP,12,99.17095,4,2.666667,0.1261187,0.1088842
1295,Normal,1,PredRedLPP,15,99.16351,4,2.666667,0.1183836,0.0869846
1296,Normal,0,PredRedLPP,11,99.22473,3.428572,2.666667,0.1318248,0.1053227
1296,Normal,1,PredRedLPP,12,99.16574,4,2.666667,0.1138964,0.08606189
1297,Normal,0,PredRedLPP,9,99.22321,4,2.666667,0.1428356,0.1089396
1297,Normal,1,PredRedLPP,10,99.12937,4,2.666667,0.1352482,0.101141
1298,Normal,0,PredRedLPP,7,99.23545,4,2.666667,0.1253646,0.08351193
1298,Normal,1,PredRedLPP,8,99.17692,4,2.666667,0.1072991,0.08685518
1299,Normal,0,PredRedLPP,12,99.16798,4,2.666667,0.1523248,0.1091548
1299,Normal,1,PredRedLPP,7,99.30023,4,2.666667,0.1029766,0.08106367
1300,Normal,0,PredRedLPP,10,99.18559,4,2.666667,0.1150238,0.08212405
1300,Normal,1,PredRedLPP,10,99.28884,3.428572,2.666667,0.1290193,0.100756
1301,Normal,0,PredRedLPP,10,99.10978,4,2.666667,0.1290258,0.09163657
1301,Normal,1,PredRedLPP,7,99.28867,4,2.666667,0.09686954,0.08322184
1302,Normal,0,PredRedLPP,8,99.10721,3.428572,2.666667,0.1156189,0.09959093
1302,Normal,1,PredRedLPP,13,99.21931,3.428572,2.666667,0.1568044,0.1239577
1303,Normal,0,PredRedLPP,8,99.20934,3.428571,2.666667,0.1220658,0.09106492
1303,Normal,1,PredRedLPP,7,99.22919,4,2.666667,0.1218347,0.08892861
1304,Normal,0,PredRedLPP,7,99.1893,4,2.666667,0.1124778,0.08518641
1304,Normal,1,PredRedLPP,11,99.20166,4,2.666667,0.1273602,0.0973063
1305,Normal,0,PredRedLPP,13,99.14146,4,2.666667,0.17711,0.1466289
1305,Normal,1,PredRedLPP,8,99.23209,4,2.666667,0.1786073,0.149856
1306,Normal,0,PredRedLPP,10,99.15189,4,2.666667,0.1095994,0.09528129
1306,Normal,1,PredRedLPP,8,99.10796,4,2.666667,0.1191016,0.1000708
1307,Normal,0,PredRedLPP,11,99.1759,3.428572,2.666667,0.1253452,0.1123133
1307,Normal,1,PredRedLPP,7,99.24968,3.428571,2.666667,0.1039448,0.09282901
1308,Normal,0,PredRedLPP,11,99.22637,4,2.666667,0.1164982,0.09400733
1308,Normal,1,PredRedLPP,6,99.30756,4,2.666667,0.111641,0.08655436
1309,Normal,0,PredRedLPP,9,99.12576,4,2.666667,0.1442755,0.1090028
1309,Normal,1,PredRedLPP,11,99.23183,4,2.666667,0.1211753,0.09140734
1310,Normal,0,PredRedLPP,13,99.21945,4,2.666667,0.1276926,0.09429344
1310,Normal,1,PredRedLPP,7,99.17912,4,2.666667,0.1218884,0.1190363
1311,Normal,0,PredRedLPP,9,99.16064,4,2.666667,0.1315111,0.1016259
1311,Normal,1,PredRedLPP,8,99.18839,3.333334,2.666667,0.1611455,0.1325476
1312,Normal,0,PredRedLPP,8,99.18663,3.428572,2.666667,0.1261654,0.09356727
1312,Normal,1,PredRedLPP,10,99.23871,4,2.666667,0.1333691,0.1013486
1313,Normal,0,PredRedLPP,6,99.17697,4,2.666667,0.1334909,0.1140455
1313,Normal,1,PredRedLPP,5,99.26915,4,2.666667,0.1542421,0.1265339
1314,Normal,0,PredRedLPP,8,99.08531,3.428572,2.666667,0.1774866,0.1467122
1314,Normal,1,PredRedLPP,6,99.16845,4,2.666667,0.1627712,0.1444311
1315,Normal,0,PredRedLPP,8,99.16005,3.333334,2.666667,0.1187872,0.08908732
1315,Normal,1,PredRedLPP,9,99.27004,4,2.666667,0.1288764,0.09538694
1316,Normal,0,PredRedLPP,9,99.09733,3.6,2.666667,0.1216703,0.09827785
1316,Normal,1,PredRedLPP,14,99.07582,4,2.666667,0.1419179,0.1252471
1317,Normal,0,PredRedLPP,7,99.12679,4,2.666667,0.1249142,0.1114594
1317,Normal,1,PredRedLPP,8,99.23906,3.428572,2.666667,0.1159875,0.09421804
1318,Normal,0,PredRedLPP,13,99.07423,4,2.666667,0.1354482,0.1163731
1318,Normal,1,PredRedLPP,10,99.26418,4,2.666667,0.102187,0.09581946
1319,Normal,0,PredRedLPP,9,99.24382,4,2.666667,0.1177503,0.1007912
1319,Normal,1,PredRedLPP,7,99.1629,4,2.666667,0.1203303,0.0961325
1320,Normal,0,PredRedLPP,7,99.26621,4,2.666667,0.111393,0.0855165
1320,Normal,1,PredRedLPP,7,99.04505,3.428572,2.666667,0.1109999,0.07882117
1321,Normal,0,PredRedLPP,5,99.17222,3.428572,2.666667,0.1229217,0.09187382
1321,Normal,1,PredRedLPP,7,99.22317,3.428572,2.666667,0.1503851,0.1379625
1322,Normal,0,PredRedLPP,11,99.05074,4,2.666667,0.167353,0.1413445
1322,Normal,1,PredRedLPP,9,99.25983,3.333334,2.666667,0.09745096,0.07810459
1323,Normal,0,PredRedLPP,10,99.07429,4,2.666667,0.1303549,0.08974933
1323,Normal,1,PredRedLPP,7,99.13419,4,2.666667,0.1089175,0.06864519
1324,Normal,0,PredRedLPP,7,99.21207,4,2.666667,0.1123199,0.08974998
1324,Normal,1,PredRedLPP,10,99.12072,4,2.666667,0.1600242,0.115724
1325,Normal,0,PredRedLPP,10,99.27749,4,2.666667,0.1646532,0.1317188
1325,Normal,1,PredRedLPP,10,99.15338,3.428571,2.666667,0.1191151,0.09358097
1326,Normal,0,PredRedLPP,8,99.3325,4,2.666667,0.110521,0.0884168
1326,Normal,1,PredRedLPP,10,99.22211,4,2.666667,0.1237734,0.09308961
1327,Normal,0,PredRedLPP,11,99.20166,4,2.666667,0.1581661,0.1239063
1327,Normal,1,PredRedLPP,10,99.05861,4,2.666667,0.1062206,0.08662303
1328,Normal,0,PredRedLPP,10,99.19224,4,2.666667,0.1273774,0.1001764
1328,Normal,1,PredRedLPP,10,99.18353,4,2.666667,0.1307808,0.1149246
1329,Normal,0,PredRedLPP,7,99.1353,4,2.666667,0.1870496,0.1559665
1329,Normal,1,PredRedLPP,6,99.21357,3.428572,2.666667,0.1984593,0.1732189
1330,Normal,0,PredRedLPP,9,99.27804,3.428572,2.666667,0.1124211,0.09628993
1330,Normal,1,PredRedLPP,10,99.19332,4,2.666667,0.1567771,0.1244502
1331,Normal,0,PredRedLPP,9,99.2422,4,2.666667,0.1328661,0.1162538
1331,Normal,1,PredRedLPP,8,99.22807,3.428572,2.666667,0.1395639,0.1035455
1332,Normal,0,PredRedLPP,10,99.16785,2.857143,2.666667,0.1177235,0.08971187
1332,Normal,1,PredRedLPP,6,99.12958,3.333334,2.666667,0.1183048,0.09330033
1333,Normal,0,PredRedLPP,7,99.18368,4,2.666667,0.09935951,0.09903005
1333,Normal,1,PredRedLPP,11,99.26733,4,2.666667,0.1137074,0.09453048
1334,Normal,0,PredRedLPP,16,99.17519,4,2.666667,0.1264273,0.1049285
1334,Normal,1,PredRedLPP,8,99.2084,4,2.666667,0.09940149,0.07695345
1335,Normal,0,PredRedLPP,10,99.09996,4,2.666667,0.1220566,0.09938259
1335,Normal,1,PredRedLPP,10,99.07584,3.428572,2.666667,0.1198212,0.1062144
1336,Normal,0,PredRedLPP,9,99.14207,4,2.666667,0.1552685,0.135379
1336,Normal,1,PredRedLPP,7,99.19052,3.428572,2.666667,0.1470112,0.1265982
1337,Normal,0,PredRedLPP,9,99.18684,4,2.666667,0.1179955,0.1003242
1337,Normal,1,PredRedLPP,9,99.1248,4,2.666667,0.1711465,0.136385
1338,Normal,0,PredRedLPP,6,99.13985,4,2.666667,0.1142134,0.09196235
1338,Normal,1,PredRedLPP,10,99.22686,4,2.666667,0.1170461,0.08372474
1339,Normal,0,PredRedLPP,8,99.16228,3.428572,2.666667,0.1247118,0.115126
1339,Normal,1,PredRedLPP,11,99.15945,4,2.666667,0.1073183,0.1105908
1340,Normal,0,PredRedLPP,8,99.28478,4,2.666667,0.1071323,0.07669994
1340,Normal,1,PredRedLPP,10,99.01469,3.428571,2.666667,0.1293709,0.09872878
1341,Normal,0,PredRedLPP,9,99.28741,4,2.666667,0.1334854,0.1033834
1341,Normal,1,PredRedLPP,9,99.14355,4,2.666667,0.1285678,0.1039049
1342,Normal,0,PredRedLPP,9,99.16322,4,2.666667,0.1149009,0.0920128
1342,Normal,1,PredRedLPP,13,99.26637,4,2.666667,0.132898,0.10003
1343,Normal,0,PredRedLPP,14,99.17179,4,2.666667,0.1270566,0.1060164
1343,Normal,1,PredRedLPP,7,99.19329,4,2.666667,0.1097615,0.08932817
1344,Normal,0,PredRedLPP,7,99.30044,4,2.666667,0.1167311,0.09015581
1344,Normal,1,PredRedLPP,9,99.22503,4,2.666667,0.1376644,0.1055255
1345,Normal,0,PredRedLPP,11,99.17254,4,2.666667,0.132837,0.1151651
1345,Normal,1,PredRedLPP,10,99.22818,4,2.666667,0.1299082,0.09961121
1346,Normal,0,PredRedLPP,10,99.21622,4,2.666667,0.1103498,0.08773781
1346,Normal,1,PredRedLPP,12,99.06439,4,2.666667,0.1251351,0.09054762
1347,Normal,0,PredRedLPP,10,99.17636,3.428572,2.666667,0.1472787,0.1033932
1347,Normal,1,PredRedLPP,9,99.14185,4,2.666667,0.1240532,0.1226367
1348,Normal,0,PredRedLPP,11,99.16521,4,2.666667,0.1249614,0.09435781
1348,Normal,1,PredRedLPP,8,99.2168,4,2.666667,0.1333825,0.1089104
1349,Normal,0,PredRedLPP,8,99.21136,4,2.666667,0.1089147,0.09054083
1349,Normal,1,PredRedLPP,12,99.08456,4,2.666667,0.1814438,0.1398855
1350,Normal,0,PredRedLPP,7,99.17294,3.333334,2.666667,0.165571,0.1332452
1350,Normal,1,PredRedLPP,10,99.075,4,2.666667,0.2121745,0.179902
1351,Normal,0,PredRedLPP,8,99.30858,4,2.666667,0.1207642,0.09016257
1351,Normal,1,PredRedLPP,10,99.19019,4,2.666667,0.1336853,0.1033015
1352,Normal,0,PredRedLPP,9,99.12591,4,2.666667,0.1137074,0.09073362
1352,Normal,1,PredRedLPP,6,99.2429,4,2.666667,0.1111966,0.08099265
1353,Normal,0,PredRedLPP,10,99.17118,4,2.666667,0.136742,0.1134264
1353,Normal,1,PredRedLPP,6,99.23569,4,2.666667,0.1650126,0.1377348
1354,Normal,0,PredRedLPP,12,99.0593,3.428572,2.666667,0.1094757,0.08827508
1354,Normal,1,PredRedLPP,12,99.20522,4,2.666667,0.1318835,0.09924188
1355,Normal,0,PredRedLPP,14,99.11488,3.428572,2.666667,0.113056,0.08376946
1355,Normal,1,PredRedLPP,10,99.15894,4,2.666667,0.1079866,0.0839881
1356,Normal,0,PredRedLPP,10,99.17314,2.857143,2.666667,0.1719406,0.1458732
1356,Normal,1,PredRedLPP,7,99.30268,4,2.666667,0.1105224,0.08618772
1357,Normal,0,PredRedLPP,9,99.26564,4,2.666667,0.1262786,0.0947822
1357,Normal,1,PredRedLPP,11,99.18552,4,2.666667,0.113026,0.09511815
1358,Normal,0,PredRedLPP,9,99.18622,4,2.666667,0.1411984,0.1024798
1358,Normal,1,PredRedLPP,8,99.14141,3.766667,2.666667,0.1434174,0.10831
1359,Normal,0,PredRedLPP,9,99.23909,4,2.666667,0.1367117,0.1024499
1359,Normal,1,PredRedLPP,9,99.24142,4,2.666667,0.1471699,0.111794
1360,Normal,0,PredRedLPP,8,99.16791,4,2.666667,0.1348896,0.1038057
1360,Normal,1,PredRedLPP,8,99.07538,4,2.666667,0.1436245,0.1142188
1361,Normal,0,PredRedLPP,11,99.19798,3.428572,2.666667,0.1647319,0.1370607
1361,Normal,1,PredRedLPP,11,99.08598,4,2.666667,0.1338722,0.1029122
1362,Normal,0,PredRedLPP,6,99.22392,4,2.666667,0.1278455,0.09707708
1362,Normal,1,PredRedLPP,9,99.10135,4,2.666667,0.125,0.09572203
1363,Normal,0,PredRedLPP,11,99.1936,4,2.666667,0.1673106,0.1374985
1363,Normal,1,PredRedLPP,9,99.16001,4,2.666667,0.1236468,0.1047477
1364,Normal,0,PredRedLPP,9,99.12901,4,2.666667,0.1287913,0.1021352
1364,Normal,1,PredRedLPP,5,99.25826,3.428571,2.666667,0.1295483,0.1301564
1365,Normal,0,PredRedLPP,7,99.22072,4,2.666667,0.09903456,0.08311073
1365,Normal,1,PredRedLPP,10,99.21943,4,2.666667,0.1816274,0.1449672
1366,Normal,0,PredRedLPP,10,99.0673,3.428572,2.666667,0.114264,0.09239592
1366,Normal,1,PredRedLPP,8,99.17507,4,2.666667,0.1399017,0.09593662
1367,Normal,0,PredRedLPP,10,99.18935,3.333334,2.666667,0.1575938,0.1187458
1367,Normal,1,PredRedLPP,7,99.20286,3.428572,2.666667,0.1385534,0.1035474
1368,Normal,0,PredRedLPP,8,99.16779,4,2.666667,0.1082757,0.07998733
1368,Normal,1,PredRedLPP,9,99.15721,4,2.666667,0.1247246,0.08540441
1369,Normal,0,PredRedLPP,11,99.21844,4,2.666667,0.1239862,0.1034337
1369,Normal,1,PredRedLPP,5,99.19109,3.333334,2.666667,0.11454,0.08360416
1370,Normal,0,PredRedLPP,4,99.1999,2.666668,2.666667,0.1230688,0.1144853
1370,Normal,1,PredRedLPP,7,99.12694,3.428572,2.666667,0.1235402,0.0966097
1371,Normal,0,PredRedLPP,9,99.26157,4,2.666667,0.1044731,0.08976495
1371,Normal,1,PredRedLPP,9,99.11518,4,2.666667,0.1331312,0.1156239
1372,Normal,0,PredRedLPP,11,99.2828,4,2.666667,0.1190875,0.104619
1372,Normal,1,PredRedLPP,6,99.1593,3.428572,2.666667,0.1239766,0.1145763
1373,Normal,0,PredRedLPP,12,99.1598,4,2.666667,0.1373186,0.09769813
1373,Normal,1,PredRedLPP,8,99.21946,3.428571,2.666667,0.1064488,0.09438061
1374,Normal,0,PredRedLPP,13,99.07473,4,2.666667,0.1634591,0.1420732
1374,Normal,1,PredRedLPP,9,99.30589,4,2.666667,0.1228347,0.1038598
1375,Normal,0,PredRedLPP,8,99.26896,4,2.666667,0.1008824,0.1091627
1375,Normal,1,PredRedLPP,8,99.23824,4,2.666667,0.1166537,0.09302904
1376,Normal,0,PredRedLPP,8,99.11478,4,2.666667,0.1336332,0.1128715
1376,Normal,1,PredRedLPP,9,99.20353,4,2.666667,0.1194573,0.09753008
1377,Normal,0,PredRedLPP,13,99.2393,4,2.666667,0.1525837,0.1346759
1377,Normal,1,PredRedLPP,9,99.17184,2.857143,2.666667,0.1198727,0.08335081
1378,Normal,0,PredRedLPP,10,99.11642,4,2.666667,0.1536672,0.1310885
1378,Normal,1,PredRedLPP,8,99.31894,4,2.666667,0.104957,0.07649882
1379,Normal,0,PredRedLPP,10,99.1229,4,2.666667,0.1716451,0.1497817
1379,Normal,1,PredRedLPP,6,99.05508,4,2.666667,0.1266616,0.09898792
1380,Normal,0,PredRedLPP,9,99.12348,4,2.666667,0.1288923,0.09967185
1380,Normal,1,PredRedLPP,10,99.15132,3.428571,2.666667,0.1335448,0.1053016
1381,Normal,0,PredRedLPP,6,99.14181,4,2.666667,0.1238436,0.110568
1381,Normal,1,PredRedLPP,10,98.97088,4,2.666667,0.1244231,0.08705279
1382,Normal,0,PredRedLPP,15,99.12801,4,2.666667,0.1315299,0.09630982
1382,Normal,1,PredRedLPP,9,99.24185,4,2.666667,0.0995542,0.08821347
1383,Normal,0,PredRedLPP,7,99.19298,4,2.666667,0.1308415,0.107621
1383,Normal,1,PredRedLPP,7,99.16612,4,2.666667,0.1306936,0.1016958
1384,Normal,0,PredRedLPP,12,99.28625,4,2.666667,0.1344742,0.1174887
1384,Normal,1,PredRedLPP,10,99.2896,3.428571,2.666667,0.1153274,0.08701815
1385,Normal,0,PredRedLPP,5,99.34413,3.333334,2.666667,0.109319,0.07992589
1385,Normal,1,PredRedLPP,8,99.03963,4,2.666667,0.1151562,0.09445788
1386,Normal,0,PredRedLPP,9,99.27341,4,2.666667,0.2049704,0.1709553
1386,Normal,1,PredRedLPP,9,99.13297,4,2.666667,0.1239047,0.09570172
1387,Normal,0,PredRedLPP,9,99.06549,3.428572,2.666667,0.1211924,0.1181288
1387,Normal,1,PredRedLPP,12,99.13985,4,2.666667,0.1272424,0.105231
1388,Normal,0,PredRedLPP,12,99.13921,4,2.666667,0.1397247,0.1112094
1388,Normal,1,PredRedLPP,9,99.28831,4,2.666667,0.1259025,0.09207287
1389,Normal,0,PredRedLPP,11,99.12415,4,2.666667,0.1281127,0.09431123
1389,Normal,1,PredRedLPP,8,99.26963,4,2.666667,0.1098297,0.08402269
1390,Normal,0,PredRedLPP,10,99.14977,4,2.666667,0.1447274,0.1011941
1390,Normal,1,PredRedLPP,8,99.1199,4,2.666667,0.1096677,0.09192925
1391,Normal,0,PredRedLPP,12,99.15079,4,2.666667,0.1516543,0.1155341
1391,Normal,1,PredRedLPP,10,99.20544,4,2.666667,0.1282954,0.1018575
1392,Normal,0,PredRedLPP,7,99.27371,3.428572,2.666667,0.1029963,0.07511022
1392,Normal,1,PredRedLPP,4,99.20712,4,2.666667,0.1252083,0.1035441
1393,Normal,0,PredRedLPP,13,99.11745,4,2.666667,0.1897399,0.1395115
1393,Normal,1,PredRedLPP,10,99.22701,4,2.666667,0.1101655,0.08862771
1394,Normal,0,PredRedLPP,8,99.16781,3.428572,2.666667,0.2170326,0.1821094
1394,Normal,1,PredRedLPP,10,99.16052,4,2.666667,0.1655623,0.1407917
1395,Normal,0,PredRedLPP,10,99.28706,4,2.666667,0.1294059,0.0978756
1395,Normal,1,PredRedLPP,10,99.19465,4,2.666667,0.1320745,0.104666
1396,Normal,0,PredRedLPP,11,99.15681,4,2.666667,0.2041109,0.1696929
1396,Normal,1,PredRedLPP,10,99.14161,4,2.666667,0.1866766,0.1496971
1397,Normal,0,PredRedLPP,9,99.21831,4,2.666667,0.1289585,0.1062178
1397,Normal,1,PredRedLPP,10,99.19321,4,2.666667,0.1377082,0.09038505
1398,Normal,0,PredRedLPP,12,99.12923,4,2.666667,0.1221012,0.09586058
1398,Normal,1,PredRedLPP,12,99.17441,4,2.666667,0.1233116,0.09041973
1399,Normal,0,PredRedLPP,11,99.05966,4,2.666667,0.1351551,0.1062578
1399,Normal,1,PredRedLPP,11,99.2189,4,2.666667,0.1190828,0.1048979
1400,Normal,0,PredRedLPP,11,99.23985,4,2.666667,0.1341869,0.09474023
1400,Normal,1,PredRedLPP,7,99.16092,4,2.666667,0.1367189,0.1071067
1401,Normal,0,PredRedLPP,8,99.27572,3.533334,2.666667,0.09777778,0.09210955
1401,Normal,1,PredRedLPP,13,99.15214,4,2.666667,0.1494618,0.1339315
1402,Normal,0,PredRedLPP,10,99.2803,4,2.666667,0.126833,0.1062328
1402,Normal,1,PredRedLPP,9,99.24747,4,2.666667,0.1249181,0.1353346
1403,Normal,0,PredRedLPP,11,99.20508,4,2.666667,0.1828389,0.1494748
1403,Normal,1,PredRedLPP,8,99.22888,4,2.666667,0.1045005,0.09283595
1404,Normal,0,PredRedLPP,5,99.09719,4,2.666667,0.1227521,0.09049732
1404,Normal,1,PredRedLPP,8,99.21693,3.428571,2.666667,0.0946573,0.09724859
1405,Normal,0,PredRedLPP,6,99.23776,4,2.666667,0.1399193,0.1029588
1405,Normal,1,PredRedLPP,9,99.19422,4,2.666667,0.125482,0.08870141
1406,Normal,0,PredRedLPP,5,99.27016,4,2.666667,0.1116116,0.08699177
1406,Normal,1,PredRedLPP,11,99.18396,4,2.666667,0.1182182,0.09719246
1407,Normal,0,PredRedLPP,12,99.31045,3.428571,2.666667,0.1597923,0.1315058
1407,Normal,1,PredRedLPP,9,99.33016,3.766667,2.666667,0.1171612,0.09714101
1408,Normal,0,PredRedLPP,7,99.04562,4,2.666667,0.1088956,0.09502392
1408,Normal,1,PredRedLPP,10,99.19895,4,2.666667,0.1227386,0.08272058
1409,Normal,0,PredRedLPP,9,99.20158,2.857143,2.666667,0.09333332,0.07647479
1409,Normal,1,PredRedLPP,12,99.21001,4,2.666667,0.117612,0.08898365
1410,Normal,0,PredRedLPP,10,99.19409,4,2.666667,0.1267843,0.09526245
1410,Normal,1,PredRedLPP,5,99.24284,4,2.666667,0.1382962,0.12121
1411,Normal,0,PredRedLPP,10,99.09427,3.428572,2.666667,0.110371,0.08776847
1411,Normal,1,PredRedLPP,13,99.12596,4,2.666667,0.1166906,0.09938285
1412,Normal,0,PredRedLPP,9,99.20289,4,2.666667,0.1266918,0.1284505
1412,Normal,1,PredRedLPP,9,99.10218,4,2.666667,0.1363522,0.1144295
1413,Normal,0,PredRedLPP,14,99.1785,4,2.666667,0.1339122,0.122491
1413,Normal,1,PredRedLPP,7,99.18507,4,2.666667,0.1149059,0.0919119
1414,Normal,0,PredRedLPP,10,99.09486,4,2.666667,0.1308458,0.1086567
1414,Normal,1,PredRedLPP,12,99.17568,4,2.666667,0.1156361,0.09348496
1415,Normal,0,PredRedLPP,11,99.16485,3.428571,2.666667,0.1292527,0.0875123
1415,Normal,1,PredRedLPP,8,99.06228,4,2.666667,0.122468,0.09285013
1416,Normal,0,PredRedLPP,7,99.34546,4,2.666667,0.1259944,0.102301
1416,Normal,1,PredRedLPP,9,99.28569,3.428572,2.666667,0.1120862,0.09311192
1417,Normal,0,PredRedLPP,10,99.19327,4,2.666667,0.1185131,0.08995807
1417,Normal,1,PredRedLPP,11,99.20702,4,2.666667,0.1239643,0.09823922
1418,Normal,0,PredRedLPP,7,99.16696,4,2.666667,0.1303622,0.0982315
1418,Normal,1,PredRedLPP,8,99.17532,4,2.666667,0.1112328,0.08359707
1419,Normal,0,PredRedLPP,8,99.24871,4,2.666667,0.1756856,0.1498443
1419,Normal,1,PredRedLPP,6,99.26083,4,2.666667,0.1628165,0.1315351
1420,Normal,0,PredRedLPP,10,99.26414,4,2.666667,0.1364716,0.1115349
1420,Normal,1,PredRedLPP,5,99.16978,4,2.666667,0.1209764,0.08607994
1421,Normal,0,PredRedLPP,13,99.07626,4,2.666667,0.1655715,0.125941
1421,Normal,1,PredRedLPP,11,99.21143,3.628572,2.666667,0.1373878,0.1051701
1422,Normal,0,PredRedLPP,5,99.13557,3.428572,2.666667,0.1084821,0.08938023
1422,Normal,1,PredRedLPP,11,99.17004,4,2.666667,0.1245678,0.0962774
1423,Normal,0,PredRedLPP,11,99.30093,4,2.666667,0.1433283,0.1220342
1423,Normal,1,PredRedLPP,11,99.24577,4,2.666667,0.1113943,0.08700414
1424,Normal,0,PredRedLPP,9,99.32819,4,2.666667,0.1436634,0.110552
1424,Normal,1,PredRedLPP,10,99.26778,4,2.666667,0.138322,0.1237784
1425,Normal,0,PredRedLPP,9,99.26831,4,2.666667,0.1134245,0.09002751
1425,Normal,1,PredRedLPP,8,99.0899,3.428572,2.666667,0.169851,0.1389589
1426,Normal,0,PredRedLPP,11,99.31924,3.333334,2.666667,0.1203224,0.1009719
1426,Normal,1,PredRedLPP,5,99.18082,3.333334,2.666667,0.112718,0.07931624
1427,Normal,0,PredRedLPP,6,99.25248,4,2.666667,0.1190259,0.09970769
1427,Normal,1,PredRedLPP,10,99.1749,4,2.666667,0.1324202,0.10065
1428,Normal,0,PredRedLPP,11,99.1209,4,2.666667,0.1817962,0.1598829
1428,Normal,1,PredRedLPP,9,99.17229,4,2.666667,0.1209414,0.09379261
1429,Normal,0,PredRedLPP,10,99.21284,3.428572,2.666667,0.1409386,0.1192734
1429,Normal,1,PredRedLPP,12,99.05209,3.428572,2.666667,0.1687124,0.1545357
1430,Normal,0,PredRedLPP,10,99.21325,4,2.666667,0.1283186,0.09740834
1430,Normal,1,PredRedLPP,7,99.30932,4,2.666667,0.1135876,0.08870847
1431,Normal,0,PredRedLPP,13,99.13206,3.428572,2.666667,0.1157133,0.09720126
1431,Normal,1,PredRedLPP,10,99.11598,4,2.666667,0.1734009,0.1450985
1432,Normal,0,PredRedLPP,6,99.20655,4,2.666667,0.1081459,0.1014065
1432,Normal,1,PredRedLPP,12,99.23023,4,2.666667,0.1036411,0.06973657
1433,Normal,0,PredRedLPP,9,99.21978,4,2.666667,0.1438298,0.1124757
1433,Normal,1,PredRedLPP,12,99.25455,4,2.666667,0.1354887,0.1063177
1434,Normal,0,PredRedLPP,12,99.21106,4,2.666667,0.1263445,0.09900041
1434,Normal,1,PredRedLPP,10,99.24701,4,2.666667,0.1615295,0.121343
1435,Normal,0,PredRedLPP,11,99.13849,3.428572,2.666667,0.1200295,0.1097319
1435,Normal,1,PredRedLPP,6,99.22354,4,2.666667,0.1081492,0.08102485
1436,Normal,0,PredRedLPP,9,99.2001,4,2.666667,0.1375093,0.1051762
1436,Normal,1,PredRedLPP,9,99.22477,4,2.666667,0.1315437,0.1093332
1437,Normal,0,PredRedLPP,9,99.11879,4,2.666667,0.1206154,0.1107692
1437,Normal,1,PredRedLPP,7,99.23385,3.428572,2.666667,0.1071576,0.07990234
1438,Normal,0,PredRedLPP,8,99.25576,4,2.666667,0.1150554,0.09624515
1438,Normal,1,PredRedLPP,9,99.13293,3.428572,2.666667,0.1454107,0.1114948
1439,Normal,0,PredRedLPP,9,99.06777,4,2.666667,0.122626,0.08869508
1439,Normal,1,PredRedLPP,13,99.26279,4,2.666667,0.1379361,0.1164544
1440,Normal,0,PredRedLPP,8,99.13352,3.428571,2.666667,0.1289254,0.09891143
1440,Normal,1,PredRedLPP,6,99.22732,3.428572,2.666667,0.08587484,0.07625858
1441,Normal,0,PredRedLPP,13,99.15772,4,2.666667,0.1417868,0.1050729
1441,Normal,1,PredRedLPP,9,99.2298,3.428572,2.666667,0.1327089,0.1156627
1442,Normal,0,PredRedLPP,7,99.17316,4,2.666667,0.1331309,0.1028793
1442,Normal,1,PredRedLPP,10,99.14735,4,2.666667,0.1369924,0.1143773
1443,Normal,0,PredRedLPP,9,99.2018,4,2.666667,0.1205527,0.09060897
1443,Normal,1,PredRedLPP,12,99.21315,3.428572,2.666667,0.1184731,0.09164289
1444,Normal,0,PredRedLPP,9,99.13277,4,2.666667,0.1099318,0.08828238
1444,Normal,1,PredRedLPP,8,99.24149,4,2.666667,0.1091231,0.08900442
1445,Normal,0,PredRedLPP,10,99.26578,2.857143,2.666667,0.1414354,0.1230784
1445,Normal,1,PredRedLPP,10,99.06223,3.428572,2.666667,0.1385847,0.1125519
1446,Normal,0,PredRedLPP,9,99.18941,4,2.666667,0.1171043,0.1020649
1446,Normal,1,PredRedLPP,14,99.21207,4,2.666667,0.1698131,0.1397006
1447,Normal,0,PredRedLPP,10,99.2433,4,2.666667,0.1328757,0.1116355
1447,Normal,1,PredRedLPP,11,99.18937,3.428572,2.666667,0.121307,0.09433241
1448,Normal,0,PredRedLPP,10,99.34064,4,2.666667,0.1080569,0.08208688
1448,Normal,1,PredRedLPP,9,99.05494,2.699999,2.666667,0.1182094,0.0979358
1449,Normal,0,PredRedLPP,6,99.33862,3.333334,2.666667,0.1578462,0.1272656
1449,Normal,1,PredRedLPP,12,99.18281,3.428572,2.666667,0.1138848,0.0797168
1450,Normal,0,PredRedLPP,9,99.20443,4,2.666667,0.1561209,0.1325988
1450,Normal,1,PredRedLPP,7,99.20026,3.428571,2.666667,0.1076756,0.08910149
1451,Normal,0,PredRedLPP,11,99.16728,3.428572,2.666667,0.1266815,0.1141825
1451,Normal,1,PredRedLPP,7,99.21802,3.428571,2.666667,0.1141168,0.08951303
1452,Normal,0,PredRedLPP,7,99.16235,4,2.666667,0.1100078,0.09590307
1452,Normal,1,PredRedLPP,8,99.08749,4,2.666667,0.1404707,0.1125026
1453,Normal,0,PredRedLPP,8,99.25118,4,2.666667,0.144662,0.1231558
1453,Normal,1,PredRedLPP,5,99.18326,3.428571,2.666667,0.1124063,0.07706556
1454,Normal,0,PredRedLPP,9,99.19308,4,2.666667,0.123989,0.1002859
1454,Normal,1,PredRedLPP,9,99.17931,3.428571,2.666667,0.1207737,0.09851559
1455,Normal,0,PredRedLPP,8,99.23703,4,2.666667,0.1306708,0.09465293
1455,Normal,1,PredRedLPP,10,99.29104,4,2.666667,0.1381977,0.1120864
1456,Normal,0,PredRedLPP,10,99.31371,4,2.666667,0.1250619,0.0994363
1456,Normal,1,PredRedLPP,11,99.19856,4,2.666667,0.1068351,0.0910399
1457,Normal,0,PredRedLPP,9,99.23299,4,2.666667,0.1737236,0.1484818
1457,Normal,1,PredRedLPP,10,99.11578,4,2.666667,0.1324181,0.09657276
1458,Normal,0,PredRedLPP,15,99.20419,4,2.666667,0.1084432,0.0852142
1458,Normal,1,PredRedLPP,15,99.07888,4,2.666667,0.140458,0.1123823
1459,Normal,0,PredRedLPP,7,99.24912,4,2.666667,0.1144587,0.08749985
1459,Normal,1,PredRedLPP,10,99.09576,3.428571,2.666667,0.1224325,0.09325309
1460,Normal,0,PredRedLPP,10,99.14302,4,2.666667,0.1797646,0.1447295
1460,Normal,1,PredRedLPP,6,99.03226,3.428571,2.666667,0.135158,0.1011294
1461,Normal,0,PredRedLPP,9,99.25951,4,2.666667,0.1203616,0.0999895
1461,Normal,1,PredRedLPP,10,99.05531,4,2.666667,0.1283787,0.0996064
1462,Normal,0,PredRedLPP,10,99.08659,4,2.666667,0.1309266,0.11832
1462,Normal,1,PredRedLPP,14,99.15714,4,2.666667,0.1236651,0.09159364
1463,Normal,0,PredRedLPP,4,99.23638,4,2.666667,0.09299538,0.08565981
1463,Normal,1,PredRedLPP,7,99.30222,4,2.666667,0.1147997,0.09266831
1464,Normal,0,PredRedLPP,13,99.23279,4,2.666667,0.1239941,0.09222911
1464,Normal,1,PredRedLPP,8,99.11234,4,2.666667,0.09498262,0.09337406
1465,Normal,0,PredRedLPP,10,99.21137,4,2.666667,0.1306787,0.09612063
1465,Normal,1,PredRedLPP,6,99.10657,4,2.666667,0.1014633,0.09273373
1466,Normal,0,PredRedLPP,8,99.16344,4,2.666667,0.09950365,0.08604524
1466,Normal,1,PredRedLPP,8,99.15103,4,2.666667,0.1092407,0.09624317
1467,Normal,0,PredRedLPP,11,99.16561,4,2.666667,0.1188168,0.09199484
1467,Normal,1,PredRedLPP,9,99.26708,4,2.666667,0.1080288,0.09156872
1468,Normal,0,PredRedLPP,10,99.06105,2.857143,2.666667,0.1498266,0.1281163
1468,Normal,1,PredRedLPP,9,99.18333,3.428572,2.666667,0.1281186,0.1008514
1469,Normal,0,PredRedLPP,9,99.30021,3.428572,2.666667,0.1093276,0.08750246
1469,Normal,1,PredRedLPP,14,99.25165,3.428572,2.666667,0.1198361,0.08640065
1470,Normal,0,ThomasAPF,4,99.30856,2.600001,2.666667,0.06678481,0.05882438
1470,Normal,1,ThomasAPF,6,99.20242,2.600001,2.666667,0.08027336,0.04960144
1471,Normal,0,ThomasAPF,3,99.33974,2.600001,2.666667,0.06663164,0.03679853
1471,Normal,1,ThomasAPF,3,99.31458,2.600001,2.666667,0.07175715,0.06331685
1472,Normal,0,ThomasAPF,4,99.37933,2.600001,2.666667,0.07369357,0.05145729
1472,Normal,1,ThomasAPF,7,99.18715,2.600001,2.666667,0.06448188,0.06692257
1473,Normal,0,ThomasAPF,6,99.35133,2.600001,2.666667,0.05929057,0.07453886
1473,Normal,1,ThomasAPF,7,99.14718,2.600001,2.666667,0.07027031,0.06552984
1474,Normal,0,ThomasAPF,5,99.25141,2.600001,2.666667,0.0804368,0.06389648
1474,Normal,1,ThomasAPF,4,99.2693,2.600001,2.666667,0.0804368,0.04945334
1475,Normal,0,ThomasAPF,11,99.24796,2.600001,2.666667,0.06006604,0.0634921
1475,Normal,1,ThomasAPF,7,99.31015,2.600001,2.666667,0.05853374,0.07323591
1476,Normal,0,ThomasAPF,7,99.24183,2.600001,2.666667,0.0770534,0.05472899
1476,Normal,1,ThomasAPF,6,99.31416,2.600001,2.666667,0.07265033,0.04279398
1477,Normal,0,ThomasAPF,6,99.29478,2.600001,2.666667,0.06283336,0.06100532
1477,Normal,1,ThomasAPF,10,99.26444,2.600001,2.666667,0.05664289,0.05089949
1478,Normal,0,ThomasAPF,6,99.35601,2.600001,2.666667,0.05966464,0.05987197
1478,Normal,1,ThomasAPF,6,99.15459,2.600001,2.666667,0.06654903,0.06388436
1479,Normal,0,ThomasAPF,5,99.31371,2.600001,2.666667,0.07216151,0.04229246
1479,Normal,1,ThomasAPF,9,99.23618,2.600001,2.666667,0.07653494,0.06452805
1480,Normal,0,ThomasAPF,8,99.19032,2.600001,2.666667,0.06643955,0.05094509
1480,Normal,1,ThomasAPF,7,99.2028,2.600001,2.666667,0.07308351,0.05483899
1481,Normal,0,ThomasAPF,8,99.27135,2.600001,2.666667,0.0753763,0.04640733
1481,Normal,1,ThomasAPF,6,99.30151,2.600001,2.666667,0.0785838,0.04838118
1482,Normal,0,ThomasAPF,7,99.36744,2.600001,2.666667,0.06125657,0.04795702
1482,Normal,1,ThomasAPF,5,99.16934,2.600001,2.666667,0.07033161,0.05883821
1483,Normal,0,ThomasAPF,6,99.19838,2.600001,2.666667,0.06619846,0.0741057
1483,Normal,1,ThomasAPF,5,99.2368,2.600001,2.666667,0.07076387,0.05150719
1484,Normal,0,ThomasAPF,4,99.27895,2.600001,2.666667,0.05788071,0.05020569
1484,Normal,1,ThomasAPF,6,99.24239,2.600001,2.666667,0.06515713,0.07236855
1485,Normal,0,ThomasAPF,4,99.13732,2.600001,2.666667,0.07816096,0.05131013
1485,Normal,1,ThomasAPF,6,99.21675,2.600001,2.666667,0.0755337,0.04782956
1486,Normal,0,ThomasAPF,7,99.15866,2.600001,2.666667,0.06813189,0.07683453
1486,Normal,1,ThomasAPF,8,99.16028,2.600001,2.666667,0.07692313,0.05845781
1487,Normal,0,ThomasAPF,5,99.32305,2.600001,2.666667,0.05855859,0.06623768
1487,Normal,1,ThomasAPF,4,99.30505,2.600001,2.666667,0.07261265,0.04420421
1488,Normal,0,ThomasAPF,4,99.32522,2.600001,2.666667,0.0791406,0.04297226
1488,Normal,1,ThomasAPF,5,99.23545,2.600001,2.666667,0.06750228,0.06445839
1489,Normal,0,ThomasAPF,5,99.3259,2.600001,2.666667,0.07488752,0.05040506
1489,Normal,1,ThomasAPF,5,99.28549,2.600001,2.666667,0.06318635,0.04336435
1490,Normal,0,ThomasAPF,5,99.26668,2.600001,2.666667,0.07029683,0.05935615
1490,Normal,1,ThomasAPF,6,99.12075,2.600001,2.666667,0.07291252,0.07357483
1491,Normal,0,ThomasAPF,9,99.17949,2.600001,2.666667,0.07299757,0.05903558
1491,Normal,1,ThomasAPF,4,99.32396,2.600001,2.666667,0.0812788,0.04582336
1492,Normal,0,ThomasAPF,3,99.25459,2.600001,2.666667,0.06490988,0.06121691
1492,Normal,1,ThomasAPF,6,99.21439,2.6,2.666667,0.06654902,0.05570268
1493,Normal,0,ThomasAPF,7,99.32281,2.600001,2.666667,0.07304657,0.05685858
1493,Normal,1,ThomasAPF,6,99.25177,2.600001,2.666667,0.07532929,0.04994636
1494,Normal,0,ThomasAPF,6,99.17778,2.600001,2.666667,0.0617997,0.03395586
1494,Normal,1,ThomasAPF,5,99.06767,2.600001,2.666667,0.06400683,0.04950011
1495,Normal,0,ThomasAPF,7,99.21207,2.600001,2.666667,0.06724142,0.0587849
1495,Normal,1,ThomasAPF,8,99.27415,2.600001,2.666667,0.0810099,0.06672144
1496,Normal,0,ThomasAPF,7,99.30261,2.600001,2.666667,0.07945675,0.07912256
1496,Normal,1,ThomasAPF,7,99.16748,2.600001,2.666667,0.07630371,0.08709946
1497,Normal,0,ThomasAPF,7,99.23597,2.600001,2.666667,0.0510259,0.0490492
1497,Normal,1,ThomasAPF,5,99.24664,2.600001,2.666667,0.06958076,0.05743175
1498,Normal,0,ThomasAPF,5,99.2159,2.600001,2.666667,0.07084291,0.05158591
1498,Normal,1,ThomasAPF,4,99.3437,2.600001,2.666667,0.06488417,0.06575563
1499,Normal,0,ThomasAPF,4,99.35052,2.600001,2.666667,0.0684467,0.05423166
1499,Normal,1,ThomasAPF,7,99.27852,2.600001,2.666667,0.05125392,0.06742916
1500,Normal,0,S2C,7,99.19849,0,2.666667,0,0.02530414
1500,Normal,1,S2C,13,99.16369,0,2.666667,0,0.04745686
1501,Normal,0,S2C,10,99.13937,0,2.666667,0,0.04891809
1501,Normal,1,S2C,9,99.19537,0,2.666667,0,0.04047799
1502,Normal,0,S2C,9,99.15265,0,2.666667,0,0.05335861
1502,Normal,1,S2C,5,99.16361,0,2.666667,0,0.04032014
1503,Normal,0,S2C,9,99.06982,0,2.666667,0,0.05586132
1503,Normal,1,S2C,11,99.23885,0,2.666667,0,0.04549125
1504,Normal,0,S2C,10,99.25199,0,2.666667,0,0.04002224
1504,Normal,1,S2C,9,99.20274,0,2.666667,0,0.04446916
1505,Normal,0,S2C,14,99.20743,0,2.666667,0,0.04437529
1505,Normal,1,S2C,9,99.17506,0,2.666667,0,0.04832223
1506,Normal,0,S2C,9,99.11757,0,2.666667,0,0.03575476
1506,Normal,1,S2C,8,99.14005,0,2.666667,0,0.03983818
1507,Normal,0,S2C,8,99.1491,0,2.666667,0,0.046627
1507,Normal,1,S2C,10,99.28954,0,2.666667,0,0.03702382
1508,Normal,0,S2C,10,99.20238,0,2.666667,0,0.03472668
1508,Normal,1,S2C,11,99.13738,0,2.666667,0,0.03747074
1509,Normal,0,S2C,8,99.17415,0,2.666667,0,0.03824702
1509,Normal,1,S2C,8,99.25352,0,2.666667,0,0.03187252
1510,Normal,0,S2C,10,99.23917,0,2.666667,0,0.03934748
1510,Normal,1,S2C,8,99.24504,0,2.666667,0,0.05341555
1511,Normal,0,S2C,9,99.23319,0,2.666667,0,0.0435516
1511,Normal,1,S2C,6,99.25668,0,2.666667,0,0.03799604
1512,Normal,0,S2C,7,99.12791,0,2.666667,0,0.02467338
1512,Normal,1,S2C,11,99.12902,0,2.666667,0,0.03255516
1513,Normal,0,S2C,7,99.139,0,2.666667,0,0.0461169
1513,Normal,1,S2C,8,99.23707,0,2.666667,0,0.01708033
1514,Normal,0,S2C,8,99.26609,0,2.666667,0,0.04514994
1514,Normal,1,S2C,11,99.17912,0,2.666667,0,0.04437148
1515,Normal,0,S2C,10,99.20537,0,2.666667,0,0.03265306
1515,Normal,1,S2C,8,99.26964,0,2.666667,0,0.03957591
1516,Normal,0,S2C,10,99.13454,0,2.666667,0,0.04648961
1516,Normal,1,S2C,6,99.0972,0,2.666667,0,0.03449072
1517,Normal,0,S2C,10,99.06654,0,2.666667,0,0.05617912
1517,Normal,1,S2C,9,99.16089,0,2.666667,0,0.03390119
1518,Normal,0,S2C,11,99.15611,0,2.666667,0,0.04204711
1518,Normal,1,S2C,12,99.2069,0,2.666667,0,0.03071593
1519,Normal,0,S2C,7,99.15676,0,2.666667,0,0.04529271
1519,Normal,1,S2C,9,99.26205,0,2.666667,0,0.04527262
1520,Normal,0,S2C,7,99.23161,0,2.666667,0,0.02963298
1520,Normal,1,S2C,8,99.1863,0,2.666667,0,0.03302592
1521,Normal,0,S2C,11,99.29932,0,2.666667,0,0.05010461
1521,Normal,1,S2C,9,99.2338,0,2.666667,0,0.04134368
1522,Normal,0,S2C,11,99.20102,0,2.666667,0,0.04623775
1522,Normal,1,S2C,9,99.2409,0,2.666667,0,0.04100329
1523,Normal,0,S2C,11,99.2476,0,2.666667,0,0.02551148
1523,Normal,1,S2C,9,99.17239,0,2.666667,0,0.04404793
1524,Normal,0,S2C,6,99.148,0,2.666667,0,0.02802273
1524,Normal,1,S2C,9,99.11755,0,2.666667,0,0.0437194
1525,Normal,0,S2C,11,99.07628,0,2.666667,0,0.03737044
1525,Normal,1,S2C,7,99.23956,0,2.666667,0,0.03089414
1526,Normal,0,S2C,10,99.27816,0,2.666667,0,0.04941554
1526,Normal,1,S2C,10,99.13407,0,2.666667,0,0.04173743
1527,Normal,0,S2C,10,99.17015,0,2.666667,0,0.04018733
1527,Normal,1,S2C,10,99.15688,0,2.666667,0,0.03746277
1528,Normal,0,S2C,11,99.15588,0,2.666667,0,0.06477045
1528,Normal,1,S2C,8,99.13354,0,2.666667,0,0.04611582
1529,Normal,0,S2C,8,99.19953,0,2.666667,0,0.02678572
1529,Normal,1,S2C,8,99.12453,0,2.666667,0,0.04305556
1530,Normal,0,None,10,99.2398,0,0,0,0
1530,Normal,1,None,9,99.16505,0,1.333333,0,0.001027221
1531,Normal,0,None,12,99.13069,0,0,0,0
1531,Normal,1,None,13,99.09235,0,0,0,0
1532,Normal,0,None,14,99.19963,0,0,0,0
1532,Normal,1,None,12,99.16817,0,0,0,0
1533,Normal,0,None,9,99.11355,0,0,0,0
1533,Normal,1,None,11,99.23516,0,0,0,0
1534,Normal,0,None,12,99.1955,0,0,0,0
1534,Normal,1,None,14,99.26981,0,0,0,0
1535,Normal,0,None,13,99.17471,0,0,0,0
1535,Normal,1,None,12,99.21921,0,0,0,0
1536,Normal,0,None,12,99.27422,0,0,0,0
1536,Normal,1,None,7,99.16779,0,0,0,0
1537,Normal,0,None,10,99.16722,0,0,0,0
1537,Normal,1,None,11,99.13091,0,0,0,0
1538,Normal,0,None,13,99.2849,0,0,0,0
1538,Normal,1,None,8,99.25256,0,0,0,0
1539,Normal,0,None,9,99.19417,0,0,0,0
1539,Normal,1,None,13,99.16862,0,0,0,0
1540,Normal,0,None,9,99.13479,0,0,0,0
1540,Normal,1,None,12,99.14294,0,0,0,0
1541,Normal,0,None,11,99.19709,0,0,0,0
1541,Normal,1,None,13,99.12058,0,0,0,0
1542,Normal,0,None,12,99.2937,0,0,0,0
1542,Normal,1,None,14,99.10178,0,0,0,0
1543,Normal,0,None,15,99.08709,0,0,0,0
1543,Normal,1,None,12,99.20969,0,0,0,0
1544,Normal,0,None,16,99.08747,0,0,0,0
1544,Normal,1,None,14,99.27735,0,0,0,0
1545,Normal,0,None,12,99.0517,0,0,0,0
1545,Normal,1,None,12,99.2458,0,0,0,0
1546,Normal,0,None,5,99.20312,0,0,0,0
1546,Normal,1,None,13,99.07165,0,0,0,0
1547,Normal,0,None,14,99.11964,0,0,0,0
1547,Normal,1,None,10,99.20813,0,0,0,0
1548,Normal,0,None,14,99.21159,0,0,0,0
1548,Normal,1,None,14,99.17005,0,0,0,0
1549,Normal,0,None,14,99.12277,0,0,0,0
1549,Normal,1,None,9,99.13145,0,0,0,0
1550,Normal,0,None,10,99.06757,0,0,0,0
1550,Normal,1,None,13,99.10553,0,0,0,0
1551,Normal,0,None,15,99.15326,0,0,0,0
1551,Normal,1,None,15,99.07147,0,0,0,0
1552,Normal,0,None,10,99.19173,0,0,0,0
1552,Normal,1,None,10,99.0454,0,0,0,0
1553,Normal,0,None,10,99.12301,0,0,0,0
1553,Normal,1,None,9,99.29482,0,0,0,0
1554,Normal,0,None,11,99.23644,0,0,0,0
1554,Normal,1,None,10,99.1349,0,0,0,0
1555,Normal,0,None,14,99.06155,0,0,0,0
1555,Normal,1,None,13,99.06139,0,0,0,0
1556,Normal,0,None,12,99.24731,0,0,0,0
1556,Normal,1,None,7,99.27406,0,0,0,0
1557,Normal,0,None,12,99.16569,0,0,0,0
1557,Normal,1,None,8,99.16415,0,0,0,0
1558,Normal,0,None,10,99.09676,0,0,0,0
1558,Normal,1,None,9,99.2532,0,0,0,0
1559,Normal,0,None,11,99.08907,0,0,0,0
1559,Normal,1,None,12,99.22208,0,0,0,0
