trial,endState,user,redirector,resetCount,virtualDistance,gtChangeMax,gcChangeMax,gtChangeAvg,gcChangeAvg
0,Normal,0,PredRedLPP,0,99.98494,0,15,0,0.01623377
1,Normal,0,PredRedLPP,0,99.97736,1.399999,8,0.003030301,0.03679654
2,Normal,0,PredRedLPP,0,99.97484,1.857144,5,0.007051282,0.02228327
3,Normal,0,PredRedLPP,0,99.9845,0,0,0,0
4,Normal,0,PredRedLPP,0,99.97954,0,0,0,0
5,Normal,0,PredRedLPP,0,99.96842,0,10,0,0.02783726
6,Normal,0,PredRedLPP,0,99.98331,0,10,0,0.01082251
7,Normal,0,PredRedLPP,0,99.9829,0.4666662,10,0.0010101,0.03318904
8,Normal,0,PredRedLPP,1,99.9758,2.6,8.571428,0.008421054,0.04721805
9,Normal,0,PredRedLPP,0,99.97768,2.228572,2,0.005775401,0.01925134
10,Normal,0,PredRedLPP,0,99.97855,1.399999,7.142858,0.006113534,0.03930131
11,Normal,0,PredRedLPP,1,99.98146,2.6,10,0.01666666,0.0547619
12,Normal,0,PredRedLPP,0,99.97937,0,8.571428,0,0.02407002
13,Normal,0,PredRedLPP,1,99.98365,2.6,10,0.0113924,0.03516174
14,Normal,0,PredRedLPP,0,99.97992,1.857144,3.333333,0.008742003,0.02416489
15,Normal,0,PredRedLPP,0,99.98222,0.9999996,6.666667,0.003023756,0.02663787
16,Normal,0,PredRedLPP,1,99.97709,2.6,8,0.005502648,0.04303351
17,Normal,0,PredRedLPP,1,99.97841,2.6,10,0.005496831,0.0548676
18,Normal,0,PredRedLPP,0,99.98569,0.6,8.571428,0.002625821,0.02969678
19,Normal,0,PredRedLPP,0,99.98389,0,0,0,0
20,Normal,0,PredRedLPP,0,99.97488,0,0,0,0
21,Normal,0,PredRedLPP,0,99.97861,0,0,0,0
22,Normal,0,PredRedLPP,0,99.9737,1.300001,10,0.00278075,0.02780749
23,Normal,0,PredRedLPP,0,99.97491,0,10,0,0.03463203
24,Normal,0,PredRedLPP,0,99.98503,0,0,0,0
25,Normal,0,PredRedLPP,1,99.9843,2.600001,10,0.01434599,0.04992968
26,Normal,0,PredRedLPP,0,99.97474,1.733334,10,0.01186623,0.04962243
27,Normal,0,PredRedLPP,0,99.97083,1.399999,4,0.003023756,0.01943845
28,Normal,0,PredRedLPP,0,99.98586,0,1.714286,0,0.01531729
29,Normal,0,PredRedLPP,1,99.98452,2.6,10,0.01247357,0.0948354
30,Normal,0,PredRedLPP,0,99.9661,0.933333,10,0.003027025,0.1661777
31,Normal,0,PredRedLPP,1,99.96836,2.6,5,0.04280698,0.188772
32,Normal,0,PredRedLPP,0,99.97901,0,5.714286,0,0.1475462
33,Normal,0,PredRedLPP,0,99.97675,0,2,0,0.09487733
34,Normal,0,PredRedLPP,0,99.98254,1.166666,8.571428,0.003063456,0.1700532
35,Normal,0,PredRedLPP,1,99.9742,2.6,6.666667,0.005508477,0.1793787
36,Normal,0,PredRedLPP,0,99.97489,1.199999,2.285714,0.003646971,0.1425446
37,Normal,0,PredRedLPP,0,99.98012,1.399999,2,0.008171977,0.146059
38,Normal,0,PredRedLPP,0,99.98544,0,3.428571,0,0.1531729
39,Normal,0,PredRedLPP,0,99.98046,1.399999,3.5,0.02174838,0.1371206
40,Normal,0,PredRedLPP,1,99.97057,2.6,5,0.01916932,0.1292156
41,Normal,0,PredRedLPP,0,99.98885,1.399999,5.714286,0.003030301,0.1552258
42,Normal,0,PredRedLPP,0,99.98652,0.9999996,2,0.006047513,0.1587988
43,Normal,0,PredRedLPP,0,99.97704,1.166666,8,0.003030301,0.1428573
44,Normal,0,PredRedLPP,0,99.97068,1.399999,4.5,0.004468466,0.1360619
45,Normal,0,PredRedLPP,0,99.97454,0.9999996,9.666667,0.003020495,0.1684904
46,Normal,0,PredRedLPP,0,99.96606,1.399999,8,0.003030301,0.1601733
47,Normal,0,PredRedLPP,0,99.97562,1.399999,5.714286,0.003535351,0.1550712
48,Normal,0,PredRedLPP,0,99.98578,0,7.666667,0,0.1450218
49,Normal,0,PredRedLPP,1,99.96957,2.6,6.666667,0.01338971,0.1613813
50,Normal,0,PredRedLPP,0,99.97444,0.933333,2,0.003056767,0.1310045
51,Normal,0,PredRedLPP,0,99.98691,0.933333,2,0.003023756,0.1403888
52,Normal,0,PredRedLPP,0,99.98289,0,2,0,0.1408774
53,Normal,0,PredRedLPP,0,99.96464,0.866667,8,0.001073106,0.1798484
54,Normal,0,PredRedLPP,0,99.97886,0,2,0,0.1334793
55,Normal,0,PredRedLPP,0,99.96722,0.999999,2.285714,0.0198907,0.1459798
56,Normal,0,PredRedLPP,0,99.97524,1.399999,3,0.04969166,0.205503
57,Normal,0,PredRedLPP,0,99.96801,0,2,0,0.1156317
58,Normal,0,PredRedLPP,1,99.96797,2.6,5,0.01141649,0.1391826
59,Normal,0,PredRedLPP,0,99.98006,0,10,0,0.1471863
60,Normal,0,PredRedLPP,10,99.98006,2.600001,10,0.07333746,0.4031829
61,Normal,0,PredRedLPP,5,99.97488,2.6,10,0.06985326,0.42065
62,Normal,0,PredRedLPP,0,99.9752,0,8,0,0.008658009
63,Normal,0,PredRedLPP,3,99.97039,2.600001,8,0.04475156,0.3221924
64,Normal,0,PredRedLPP,7,99.98612,2.600001,10,0.04016787,0.298818
65,Normal,0,PredRedLPP,12,99.97537,2.600001,10,0.0744819,0.4012024
66,Normal,0,PredRedLPP,0,99.97339,1.399999,10,0.03956519,0.3293996
67,Normal,0,PredRedLPP,0,99.98372,0,10,0,0.01070664
68,Normal,0,PredRedLPP,2,99.96921,2.600001,10,0.04621735,0.343126
69,Normal,0,PredRedLPP,6,99.97591,2.6,8.333334,0.05954235,0.4120505
70,Normal,0,PredRedLPP,6,99.98316,2.600001,10,0.04973444,0.361762
71,Normal,0,PredRedLPP,6,99.97464,2.600001,10,0.05531378,0.3737892
72,Normal,0,PredRedLPP,4,99.98129,2.6,10,0.06131528,0.3869394
73,Normal,0,PredRedLPP,0,99.98091,0,0,0,0
74,Normal,0,PredRedLPP,0,99.98042,2.228572,10,0.04406778,0.3656176
75,Normal,0,PredRedLPP,2,99.97787,2.6,10,0.0475327,0.2933871
76,Normal,0,PredRedLPP,9,99.96674,2.600001,10,0.06918349,0.4196246
77,Normal,0,PredRedLPP,9,99.97638,2.600001,10,0.06573181,0.377739
78,Normal,0,PredRedLPP,6,99.97617,2.600001,10,0.06836318,0.3942373
79,Normal,0,PredRedLPP,0,99.97145,1.399999,10,0.03821653,0.3375797
80,Normal,0,PredRedLPP,9,99.96678,2.600001,10,0.0514536,0.2986073
81,Normal,0,PredRedLPP,0,99.98279,1.399999,5,0.02143621,0.216404
82,Normal,0,PredRedLPP,3,99.98013,2.6,8.571428,0.04386838,0.3329062
83,Normal,0,PredRedLPP,7,99.98176,2.600001,10,0.04085237,0.3115025
84,Normal,0,PredRedLPP,13,99.98238,2.600001,10,0.0850706,0.507872
85,Normal,0,PredRedLPP,0,99.97227,0,0,0,0
86,Normal,0,PredRedLPP,0,99.97281,0,10,0,0.01082251
87,Normal,0,PredRedLPP,5,99.98148,2.600001,10,0.05236738,0.4123367
88,Normal,0,PredRedLPP,1,99.9707,2.6,10,0.04602507,0.3924088
89,Normal,0,PredRedLPP,6,99.9786,2.6,10,0.05380116,0.3450732
90,Normal,0,PredRedLPP,0,99.97933,1.199999,7.142858,0.003850265,0.1338426
90,Normal,1,PredRedLPP,0,100.0016,0,5,0,0.03529412
91,Normal,0,PredRedLPP,8,99.97903,3.428571,10,0.09461772,0.1791612
91,Normal,1,PredRedLPP,7,100.0027,3.800001,10,0.1387156,0.2733072
92,Normal,0,PredRedLPP,1,99.97926,2.6,6.666667,0.01140443,0.1043899
92,Normal,1,PredRedLPP,0,100.0022,2.228572,2.5,0.007673353,0.03565143
93,Normal,0,PredRedLPP,6,99.9994,2.857143,8.333334,0.07615519,0.2255291
93,Normal,1,PredRedLPP,7,99.98246,3.400001,7.666667,0.108642,0.1949295
94,Normal,0,PredRedLPP,3,99.97159,3.066667,8.571428,0.04104627,0.1730862
94,Normal,1,PredRedLPP,3,100.0034,4,10,0.04835679,0.1845358
95,Normal,0,PredRedLPP,3,100.0011,2.857143,8.333334,0.04966929,0.1844294
95,Normal,1,PredRedLPP,4,99.98215,3.099999,10,0.04880952,0.2187737
96,Normal,0,PredRedLPP,0,99.97872,1.399999,5,0.003030301,0.01298701
96,Normal,1,PredRedLPP,0,100.0025,0,0,0,0
97,Normal,0,PredRedLPP,1,99.98059,2.6,2.666667,0.01172708,0.03837954
97,Normal,1,PredRedLPP,1,100.0021,2.857143,10,0.01279318,0.09513655
98,Normal,0,PredRedLPP,0,100.0025,0,2,0,0.03352462
98,Normal,1,PredRedLPP,1,99.97543,2.6,10,0.01141649,0.1037954
99,Normal,0,PredRedLPP,0,100.001,2.600001,6.666667,0.01537542,0.09105838
99,Normal,1,PredRedLPP,1,99.9687,2.828571,10,0.03991638,0.2170474
100,Normal,0,PredRedLPP,5,99.97426,3.228571,10,0.09145629,0.2674526
100,Normal,1,PredRedLPP,4,100.0031,2.6,10,0.06129448,0.2381878
101,Normal,0,PredRedLPP,1,99.97185,3.228572,10,0.01802934,0.1154038
101,Normal,1,PredRedLPP,0,100.0025,0.999999,4.333333,0.005870018,0.05101327
102,Normal,0,PredRedLPP,5,100.0029,2.657144,9.428572,0.07532882,0.2276915
102,Normal,1,PredRedLPP,5,99.98281,3.800001,8.571428,0.0912232,0.2186627
103,Normal,0,PredRedLPP,5,99.99951,3.428572,10,0.06598957,0.2291694
103,Normal,1,PredRedLPP,7,99.98019,3.800001,10,0.06986764,0.1793519
104,Normal,0,PredRedLPP,0,100.0035,2.166667,6.857142,0.04474223,0.1093962
104,Normal,1,PredRedLPP,2,99.98444,3.428571,8.571428,0.02563574,0.1240059
105,Normal,0,PredRedLPP,0,99.97173,1.857144,8,0.003311736,0.1042889
105,Normal,1,PredRedLPP,0,100.0026,0,8.333334,0,0.04782474
106,Normal,0,PredRedLPP,4,99.97993,3.428572,8.571428,0.05765407,0.2022154
106,Normal,1,PredRedLPP,3,100.0014,2.666666,10,0.05407552,0.1979552
107,Normal,0,PredRedLPP,0,99.98114,0.933333,5.333333,0.003030301,0.06596579
107,Normal,1,PredRedLPP,0,99.99368,0,6.666667,0,0.0416409
108,Normal,0,PredRedLPP,0,99.98559,1.399999,8,0.003027025,0.07423422
108,Normal,1,PredRedLPP,0,100.0035,1.399999,6.857142,0.006054051,0.1320979
109,Normal,0,PredRedLPP,5,100.0019,4,10,0.06959228,0.2046152
109,Normal,1,PredRedLPP,7,99.98245,2.685714,10,0.09405541,0.2045263
110,Normal,0,PredRedLPP,0,99.97915,0,4,0,0.004282655
110,Normal,1,PredRedLPP,0,100.0027,0,10,0,0.01070664
111,Normal,0,PredRedLPP,7,100.0028,2.600001,8.571428,0.09012347,0.196605
111,Normal,1,PredRedLPP,8,99.97269,2.600001,10,0.08179015,0.2126543
112,Normal,0,PredRedLPP,0,100.0035,1.199999,7.142858,0.002935009,0.09254269
112,Normal,1,PredRedLPP,1,99.98264,2.6,8.333334,0.01788958,0.1406609
113,Normal,0,PredRedLPP,0,99.9711,2.600001,10,0.005579402,0.09963219
113,Normal,1,PredRedLPP,0,100.0054,0,8,0,0.0472103
114,Normal,0,PredRedLPP,0,99.97831,0.6,10,0.00131291,0.1118058
114,Normal,1,PredRedLPP,0,99.97965,0,2,0,0.04376368
115,Normal,0,PredRedLPP,7,99.97615,2.600001,10,0.1014304,0.2375534
115,Normal,1,PredRedLPP,5,100.0107,4,10,0.09695273,0.2347638
116,Normal,0,PredRedLPP,6,99.97834,3.3,10,0.09599998,0.333424
116,Normal,1,PredRedLPP,5,100.0023,3.099999,7.142858,0.04603174,0.2396826
117,Normal,0,PredRedLPP,8,99.9776,2.833334,10,0.08560961,0.251233
117,Normal,1,PredRedLPP,7,100.0035,3.766667,10,0.1214177,0.2531973
118,Normal,0,PredRedLPP,6,100.0019,4,10,0.06016561,0.2536471
118,Normal,1,PredRedLPP,8,99.98414,3.800001,10,0.101012,0.3555876
119,Normal,0,PredRedLPP,6,99.97253,4,10,0.06150456,0.2210082
119,Normal,1,PredRedLPP,5,100.0004,3.400001,10,0.1041863,0.3024867
120,Normal,0,PredRedLPP,4,99.97742,3.333332,6.666667,0.04453123,0.2871559
120,Normal,1,PredRedLPP,2,99.99855,1.399999,10,0.0332031,0.2676248
121,Normal,0,PredRedLPP,8,99.98192,3.333334,10,0.0955649,0.2570665
121,Normal,1,PredRedLPP,7,99.99924,2.857143,10,0.1041423,0.2728546
122,Normal,0,PredRedLPP,0,99.97338,1.199999,8.571428,0.009090906,0.197949
122,Normal,1,PredRedLPP,0,100.0033,0,4,0,0.1190477
123,Normal,0,PredRedLPP,3,99.96857,3.333334,8.571428,0.04499928,0.2383317
123,Normal,1,PredRedLPP,1,99.99957,1.399999,8.428572,0.0517709,0.2450467
124,Normal,0,PredRedLPP,0,99.99699,0.6999999,4,0.002981894,0.133881
124,Normal,1,PredRedLPP,1,99.97414,2.6,8,0.04117852,0.2190274
125,Normal,0,PredRedLPP,6,99.97457,3.228572,8.333334,0.08994706,0.2827798
125,Normal,1,PredRedLPP,4,99.99885,1.857144,6.999999,0.05633362,0.2590815
126,Normal,0,PredRedLPP,1,100.0038,2.6,7.142858,0.03665657,0.2156525
126,Normal,1,PredRedLPP,3,99.97021,2.6,8.571428,0.03833499,0.2065411
127,Normal,0,PredRedLPP,0,99.9833,1.399999,3,0.06838892,0.2497104
127,Normal,1,PredRedLPP,0,100.0083,1.399999,8,0.01564405,0.1736635
128,Normal,0,PredRedLPP,3,100.0032,2.6,7.142858,0.04023902,0.2118194
128,Normal,1,PredRedLPP,3,99.96834,2.857143,8.333334,0.09521909,0.3069153
129,Normal,0,PredRedLPP,1,100.0047,1.399999,7.142858,0.05342882,0.2439928
129,Normal,1,PredRedLPP,2,99.98083,2.6,6.857142,0.03802698,0.2796609
130,Normal,0,PredRedLPP,2,99.97425,2.6,10,0.04797506,0.3008458
130,Normal,1,PredRedLPP,1,99.99753,2.6,5.142857,0.0937348,0.2278594
131,Normal,0,PredRedLPP,3,99.99841,1.399999,8,0.04324321,0.2379622
131,Normal,1,PredRedLPP,6,99.98141,2.6,10,0.05871386,0.2865131
132,Normal,0,PredRedLPP,1,100.0007,1.399999,5.714286,0.02939066,0.1982964
132,Normal,1,PredRedLPP,3,99.98458,3.228572,8.571428,0.1261649,0.3094074
133,Normal,0,PredRedLPP,0,100.0052,1.399999,8,0.01673639,0.2227536
133,Normal,1,PredRedLPP,1,99.97839,1.857144,7.142858,0.02029288,0.167663
134,Normal,0,PredRedLPP,0,99.99462,2.228572,8,0.01227126,0.1753038
134,Normal,1,PredRedLPP,0,99.97311,1.199999,2.571428,0.06368855,0.235353
135,Normal,0,PredRedLPP,0,100.0053,1.166666,8,0.002922754,0.1416643
135,Normal,1,PredRedLPP,1,99.97109,2.600001,6.857142,0.02769658,0.201859
136,Normal,0,PredRedLPP,3,100.0018,2.6,6.666667,0.06098592,0.2585702
136,Normal,1,PredRedLPP,4,99.97041,2.666668,10,0.1413926,0.3497037
137,Normal,0,PredRedLPP,6,100.0031,2.600001,10,0.08698528,0.2443644
137,Normal,1,PredRedLPP,8,99.97816,2.600001,10,0.09249862,0.2540256
138,Normal,0,PredRedLPP,4,99.99911,3.428571,10,0.06549017,0.2806724
138,Normal,1,PredRedLPP,4,99.97234,3.800001,10,0.08137254,0.2849674
139,Normal,0,PredRedLPP,1,99.97177,2.6,10,0.01710114,0.1619743
139,Normal,1,PredRedLPP,0,99.99764,1.399999,3,0.05839412,0.2262774
140,Normal,0,PredRedLPP,3,99.97415,4,8,0.05620388,0.2952478
140,Normal,1,PredRedLPP,3,100.002,4,8.333334,0.04310624,0.2854269
141,Normal,0,PredRedLPP,0,100.0054,1.399999,2.333333,0.00582726,0.164759
141,Normal,1,PredRedLPP,1,99.97968,2.6,10,0.008324662,0.1944405
142,Normal,0,PredRedLPP,1,100.0026,1.399999,8.571428,0.02943003,0.3119172
142,Normal,1,PredRedLPP,1,99.96597,2.600001,6,0.09754741,0.2453985
143,Normal,0,PredRedLPP,0,100.0004,1.399999,5.714286,0.01241969,0.2031204
143,Normal,1,PredRedLPP,0,99.97243,0,10,0,0.1541756
144,Normal,0,PredRedLPP,0,99.99964,0.9999996,8,0.002582896,0.124009
144,Normal,1,PredRedLPP,1,99.9775,2.6,5.142857,0.01717277,0.1629519
145,Normal,0,PredRedLPP,4,100.0041,2.600001,8.571428,0.06400775,0.2589402
145,Normal,1,PredRedLPP,3,99.97148,1.4,8.571428,0.0412451,0.2671855
146,Normal,0,PredRedLPP,0,99.97691,1.199999,6,0.005982903,0.1978022
146,Normal,1,PredRedLPP,0,99.9974,1.399999,2,0.005413103,0.1025641
147,Normal,0,PredRedLPP,0,99.99792,1.199999,7.666667,0.003020495,0.1157857
147,Normal,1,PredRedLPP,0,99.97343,2.228572,8,0.01711614,0.1966919
148,Normal,0,PredRedLPP,1,100.0052,2.6,8,0.05065588,0.2633706
148,Normal,1,PredRedLPP,2,99.98744,3.533334,8.333334,0.1575513,0.3712459
149,Normal,0,PredRedLPP,1,99.97826,2.6,7.142858,0.02832469,0.2103628
149,Normal,1,PredRedLPP,2,99.99621,1.399999,7.142858,0.01236614,0.1839132
150,Normal,0,PredRedLPP,5,100.0041,2.6,10,0.0721714,0.4129848
150,Normal,1,PredRedLPP,8,99.98531,3.3,10,0.1073039,0.5592768
151,Normal,0,PredRedLPP,5,100.0016,2.600001,10,0.05039915,0.2979869
151,Normal,1,PredRedLPP,29,99.97551,2.833333,10,0.1333071,0.4745595
152,Normal,0,PredRedLPP,20,99.98002,2.600001,10,0.08958664,0.382627
152,Normal,1,PredRedLPP,7,100.0027,3.228572,10,0.06942264,0.313623
153,Normal,0,PredRedLPP,16,99.97684,2.600001,10,0.1070148,0.3730034
153,Normal,1,PredRedLPP,3,100.0017,1.399999,8.571428,0.02383965,0.2181284
154,Normal,0,PredRedLPP,32,100.0087,2.600001,10,0.1015357,0.3113082
154,Normal,1,PredRedLPP,58,99.99084,2.600001,10,0.166338,0.3823143
155,Normal,0,PredRedLPP,13,100.0022,2.600001,10,0.09059902,0.3795539
155,Normal,1,PredRedLPP,23,99.98203,2.600001,10,0.1145846,0.390251
156,Normal,0,PredRedLPP,19,99.97081,2.833334,10,0.09390663,0.3531626
156,Normal,1,PredRedLPP,11,99.9986,2.600001,10,0.07571216,0.3205184
157,Normal,0,PredRedLPP,3,100.012,2.600001,10,0.06030977,0.2800016
157,Normal,1,PredRedLPP,14,99.97395,2.666668,10,0.09482405,0.3448739
158,Normal,0,PredRedLPP,6,100.0002,2.600001,10,0.0638197,0.2544201
158,Normal,1,PredRedLPP,40,99.99228,2.600001,10,0.1436537,0.4183189
159,Normal,0,PredRedLPP,4,100.0005,2.600001,10,0.05512266,0.2995109
159,Normal,1,PredRedLPP,20,99.98071,2.600001,10,0.1042551,0.4634146
160,Normal,0,PredRedLPP,5,100.0062,2.600001,10,0.09384455,0.3204412
160,Normal,1,PredRedLPP,16,99.98079,2.600001,10,0.09375513,0.4167226
161,Normal,0,PredRedLPP,11,100.0003,2.600001,10,0.05642148,0.2556446
161,Normal,1,PredRedLPP,22,99.97655,2.88,10,0.1074728,0.3399923
162,Normal,0,PredRedLPP,18,99.97756,2.600001,10,0.1002045,0.416557
162,Normal,1,PredRedLPP,14,100.005,3.533333,10,0.114461,0.3645923
163,Normal,0,PredRedLPP,78,99.96814,3.428571,10,0.177016,0.4427425
163,Normal,1,PredRedLPP,68,100.0017,2.833333,8.571428,0.1521879,0.3511527
164,Normal,0,PredRedLPP,62,99.99961,2.600001,10,0.1518258,0.4294034
164,Normal,1,PredRedLPP,70,99.97599,2.600001,10,0.163099,0.4055831
165,Normal,0,PredRedLPP,6,99.99905,2.600001,10,0.0728668,0.3271507
165,Normal,1,PredRedLPP,7,99.9733,2.6,10,0.05763395,0.3012366
166,Normal,0,PredRedLPP,8,100.0003,2.600001,10,0.1054184,0.3819251
166,Normal,1,PredRedLPP,11,99.97347,2.857143,10,0.07988655,0.3137589
167,Normal,0,PredRedLPP,18,99.9753,2.600001,10,0.09489748,0.331392
167,Normal,1,PredRedLPP,13,100.0016,2.600001,10,0.09184617,0.3630403
168,Normal,0,PredRedLPP,8,100.0012,4,10,0.04627519,0.3110471
168,Normal,1,PredRedLPP,8,99.98355,2.600001,10,0.09330998,0.3726472
169,Normal,0,PredRedLPP,3,100.0031,2.600001,10,0.02909763,0.172676
169,Normal,1,PredRedLPP,28,99.99379,2.88,9.2,0.142674,0.4393687
170,Normal,0,PredRedLPP,7,99.98363,2.600001,10,0.07554802,0.4425057
170,Normal,1,PredRedLPP,7,100.0038,2.600001,8.333334,0.07411555,0.404089
171,Normal,0,PredRedLPP,26,99.97726,2.600001,10,0.1275282,0.4051296
171,Normal,1,PredRedLPP,5,100.0006,2.600001,10,0.0478732,0.2612359
172,Normal,0,PredRedLPP,16,99.97179,2.600001,10,0.09819045,0.3945151
172,Normal,1,PredRedLPP,9,100.0027,3.428572,10,0.08546703,0.3607956
173,Normal,0,PredRedLPP,9,100.003,2.6,8.571428,0.07305025,0.3197335
173,Normal,1,PredRedLPP,12,99.97936,2.600001,10,0.07906111,0.4467311
174,Normal,0,PredRedLPP,4,100.0016,2.6,10,0.02942779,0.1632283
174,Normal,1,PredRedLPP,27,99.9698,2.600001,10,0.1166408,0.4054755
175,Normal,0,PredRedLPP,55,99.9927,2.600001,10,0.1497005,0.356866
175,Normal,1,PredRedLPP,38,100.0026,2.600001,10,0.1114127,0.3166581
176,Normal,0,PredRedLPP,1,100.0008,2.600001,8.333334,0.03652325,0.2117563
176,Normal,1,PredRedLPP,9,99.98363,2.600001,10,0.1044107,0.3444541
177,Normal,0,PredRedLPP,7,99.99998,2.600001,8.571428,0.04303727,0.2425988
177,Normal,1,PredRedLPP,13,99.9857,2.600001,10,0.1285558,0.4960447
178,Normal,0,PredRedLPP,12,99.99104,2.600001,10,0.0894317,0.3446127
178,Normal,1,PredRedLPP,5,100.0032,2.600001,10,0.0793836,0.376107
179,Normal,0,PredRedLPP,28,99.97279,3.333334,10,0.1143562,0.3760689
179,Normal,1,PredRedLPP,13,100.0003,4.000001,10,0.05568999,0.2992832
180,Normal,0,PredRedLPP,0,99.97556,0,0,0,0
181,Normal,0,PredRedLPP,0,99.9763,0,7.142858,0,0.01948052
182,Normal,0,PredRedLPP,0,99.97745,0,10,0,0.01948052
183,Normal,0,PredRedLPP,0,99.97954,0,10,0,0.01070664
184,Normal,0,PredRedLPP,0,99.97865,2.228572,1.714286,0.008762322,0.01971523
185,Normal,0,PredRedLPP,0,99.97562,0,2,0,0.01298701
186,Normal,0,PredRedLPP,0,99.97383,0.9999996,6.428571,0.003063457,0.02219443
187,Normal,0,PredRedLPP,0,99.97691,0,2,0,0.01298701
188,Normal,0,PredRedLPP,0,99.98675,0,10,0,0.01082251
189,Normal,0,PredRedLPP,0,99.98266,0,2,0,0.0131291
190,Normal,0,PredRedLPP,0,99.98699,0,10,0,0.01082251
191,Normal,0,PredRedLPP,0,99.97985,0,9.666667,0,0.02813853
192,Normal,0,PredRedLPP,0,99.97704,0,2,0,0.007851535
193,Normal,0,PredRedLPP,1,99.98021,2.600001,10,0.02027454,0.05460853
194,Normal,0,PredRedLPP,1,99.97206,2.6,7.5,0.00278075,0.03514133
195,Normal,0,PredRedLPP,0,99.98336,0,10,0,0.01082251
196,Normal,0,PredRedLPP,0,99.97814,0,0,0,0
197,Normal,0,PredRedLPP,1,99.9741,2.6,10,0.01141649,0.05773684
198,Normal,0,PredRedLPP,1,99.98209,2.6,3.057142,0.005756929,0.01918977
199,Normal,0,PredRedLPP,0,99.97211,0,2,0,0.008752735
200,Normal,0,PredRedLPP,0,99.97357,1.857144,10,0.01130064,0.03381054
201,Normal,0,PredRedLPP,0,99.98531,0.4666662,8.333334,0.0010101,0.04004329
202,Normal,0,PredRedLPP,0,99.98501,0,1.714286,0,0.004329005
203,Normal,0,PredRedLPP,0,99.97418,2.166667,1.714286,0.002816903,0.01238198
204,Normal,0,PredRedLPP,0,99.97938,1.199999,10,0.003023756,0.03023758
205,Normal,0,PredRedLPP,0,99.98523,0,10,0,0.01082251
206,Normal,0,PredRedLPP,0,99.97905,0,7.142858,0,0.02380952
207,Normal,0,PredRedLPP,0,99.98214,0,0,0,0
208,Normal,0,PredRedLPP,1,99.97217,2.6,10,0.005508477,0.06325666
209,Normal,0,PredRedLPP,0,99.97977,0.9999996,2.571428,0.004705879,0.02047365
210,Normal,0,PredRedLPP,0,99.9875,1.199999,5.166667,0.007351347,0.1374518
211,Normal,0,PredRedLPP,1,99.96748,2.6,8,0.03764122,0.2103512
212,Normal,0,PredRedLPP,0,99.97446,1.399999,10,0.003027025,0.1544402
213,Normal,0,PredRedLPP,0,99.97383,2.600001,2,0.01156317,0.1456104
214,Normal,0,PredRedLPP,0,99.9772,0.7999998,8.333334,0.007792203,0.1350753
215,Normal,0,PredRedLPP,0,99.97181,0,8,0,0.1487324
216,Normal,0,PredRedLPP,0,99.97427,2.228572,8,0.02761496,0.1438238
217,Normal,0,PredRedLPP,1,99.9688,2.6,5,0.01631053,0.1237282
218,Normal,0,PredRedLPP,0,99.98134,1.166666,2,0.003063456,0.1425446
219,Normal,0,PredRedLPP,0,99.97344,0,4.857143,0,0.1681098
220,Normal,0,PredRedLPP,0,99.97032,1.199999,2,0.003063456,0.142232
221,Normal,0,PredRedLPP,0,99.98592,0,8.571428,0,0.1450455
222,Normal,0,PredRedLPP,1,99.9721,2.6,6.666667,0.02878463,0.165093
223,Normal,0,PredRedLPP,0,99.97083,1.399999,8.571428,0.04093813,0.1812368
224,Normal,0,PredRedLPP,0,99.98058,1.199999,4.333333,0.008216211,0.1465123
225,Normal,0,PredRedLPP,1,99.97215,2.6,8,0.007127883,0.174803
226,Normal,0,PredRedLPP,0,99.9734,0.9999996,8,0.003027025,0.1612357
227,Normal,0,PredRedLPP,0,99.96887,1.399999,8,0.01555075,0.1249615
228,Normal,0,PredRedLPP,1,99.97957,2.6,8.333334,0.01141649,0.1575557
229,Normal,0,PredRedLPP,0,99.98477,0,8,0,0.1599879
230,Normal,0,PredRedLPP,0,99.97604,1.857144,2,0.0055615,0.1197862
231,Normal,0,PredRedLPP,0,99.97074,1.199999,3,0.003451994,0.1402374
232,Normal,0,PredRedLPP,1,99.9762,2.6,8.333334,0.00576923,0.1887466
233,Normal,0,PredRedLPP,0,99.9834,0.9999996,7.666667,0.003027025,0.1802832
234,Normal,0,PredRedLPP,0,99.97923,1.299999,10,0.01139801,0.1362873
235,Normal,0,PredRedLPP,0,99.97258,1.399999,4.285714,0.005627703,0.1508968
236,Normal,0,PredRedLPP,0,99.98399,1.399999,2.142857,0.005976518,0.1323373
237,Normal,0,PredRedLPP,0,99.97486,1.199999,2,0.003030301,0.1349207
238,Normal,0,PredRedLPP,0,99.97136,1.199999,2,0.003060108,0.1434818
239,Normal,0,PredRedLPP,0,99.98165,0.7999992,2.714286,0.002188182,0.153173
240,Normal,0,PredRedLPP,4,99.97112,4,8.571428,0.0414626,0.3132786
241,Normal,0,PredRedLPP,4,99.97263,2.600001,10,0.0513821,0.3692916
242,Normal,0,PredRedLPP,2,99.98414,2.600001,10,0.03227997,0.3365855
243,Normal,0,PredRedLPP,3,99.9726,2.600001,10,0.04947246,0.3626082
244,Normal,0,PredRedLPP,23,99.97726,2.600001,10,0.1050399,0.5093935
245,Normal,0,PredRedLPP,0,99.96978,1.399999,10,0.03819739,0.3474351
246,Normal,0,PredRedLPP,1,99.97182,2.6,10,0.04378318,0.3762969
247,Normal,0,PredRedLPP,5,99.98822,2.600001,10,0.05494715,0.3645762
248,Normal,0,PredRedLPP,6,99.97364,2.6,10,0.0447566,0.278249
249,Normal,0,PredRedLPP,27,99.98046,2.600001,10,0.1081393,0.5163512
250,Normal,0,PredRedLPP,0,99.97534,1.485714,10,0.03987135,0.3381311
251,Normal,0,PredRedLPP,14,99.99494,2.600001,10,0.08273172,0.4586759
252,Normal,0,PredRedLPP,0,99.97952,1.399999,8.571428,0.03904552,0.2969735
253,Normal,0,PredRedLPP,6,99.97286,2.600001,10,0.0436803,0.3206763
254,Normal,0,PredRedLPP,1,99.97581,2.6,8,0.05072375,0.3827992
255,Normal,0,PredRedLPP,0,99.97398,0,10,0,0.01082251
256,Normal,0,PredRedLPP,3,99.9726,2.6,10,0.04692588,0.3395528
257,Normal,0,PredRedLPP,0,99.96926,1.399999,8.571428,0.03970941,0.3034706
258,Normal,0,PredRedLPP,4,99.97643,2.6,10,0.03996156,0.2960981
259,Normal,0,PredRedLPP,2,99.97929,2.600001,10,0.04744375,0.3428767
260,Normal,0,PredRedLPP,8,99.97744,2.600001,10,0.05335709,0.3474239
261,Normal,0,PredRedLPP,0,99.97884,1.399999,8,0.02811157,0.2400881
262,Normal,0,PredRedLPP,12,99.97547,2.600001,10,0.06383675,0.2813995
263,Normal,0,PredRedLPP,3,99.97736,2.6,10,0.05841141,0.3970016
264,Normal,0,PredRedLPP,1,99.97524,2.600001,10,0.04579829,0.3491398
265,Normal,0,PredRedLPP,0,99.97018,1.733334,10,0.04687166,0.3546433
266,Normal,0,PredRedLPP,0,99.97866,0,10,0,0.01082251
267,Normal,0,PredRedLPP,0,99.97495,0,10,0,0.01070664
268,Normal,0,PredRedLPP,10,99.97702,2.600001,10,0.04995724,0.2980978
269,Normal,0,PredRedLPP,1,99.98239,2.6,10,0.04640617,0.3508301
270,Normal,0,PredRedLPP,1,99.97069,2.6,6.666667,0.04288744,0.1008999
270,Normal,1,PredRedLPP,0,100.0015,0.3999996,5,0.001769284,0.08811041
271,Normal,0,PredRedLPP,1,100.0034,2.228572,3,0.02168078,0.09992936
271,Normal,1,PredRedLPP,1,99.97591,2.6,9,0.02358756,0.08343421
272,Normal,0,PredRedLPP,0,99.98168,0,4.666667,0,0.04792826
272,Normal,1,PredRedLPP,0,99.97978,0,10,0,0.1017316
273,Normal,0,PredRedLPP,7,99.99998,3.228572,10,0.08586477,0.1954771
273,Normal,1,PredRedLPP,7,99.98103,2.666668,10,0.1425651,0.2902726
274,Normal,0,PredRedLPP,0,99.96954,1.399999,5.714286,0.009071269,0.07343412
274,Normal,1,PredRedLPP,0,100.0031,0,2.857143,0,0.07466829
275,Normal,0,PredRedLPP,8,99.97902,2.6,10,0.1099149,0.2844977
275,Normal,1,PredRedLPP,7,100.0036,2.600001,10,0.08065694,0.2054658
276,Normal,0,PredRedLPP,7,99.99872,2.833334,10,0.1141378,0.2349613
276,Normal,1,PredRedLPP,8,99.97474,2.600001,10,0.08129191,0.205885
277,Normal,0,PredRedLPP,7,100.0007,3.766667,10,0.1216044,0.2657899
277,Normal,1,PredRedLPP,8,99.9807,2.600001,10,0.08884839,0.1764119
278,Normal,0,PredRedLPP,7,99.97382,3.428572,10,0.08025301,0.1943073
278,Normal,1,PredRedLPP,6,100.003,3.428571,10,0.1097599,0.2023254
279,Normal,0,PredRedLPP,0,99.98029,0.9999996,10,0.003030301,0.04761904
279,Normal,1,PredRedLPP,0,100.003,0.933333,2.714286,0.003030301,0.1158009
280,Normal,0,PredRedLPP,0,100.0036,1.166666,3.285714,0.01199143,0.08866118
280,Normal,1,PredRedLPP,0,99.96912,0,2,0,0.02080147
281,Normal,0,PredRedLPP,0,100.0026,0,10,0,0.03636364
281,Normal,1,PredRedLPP,0,99.97134,1.199999,8.571428,0.005561495,0.1035396
282,Normal,0,PredRedLPP,6,100.0033,2.800001,10,0.07816947,0.1811998
282,Normal,1,PredRedLPP,7,99.99046,2.657144,8.333334,0.08756957,0.1953793
283,Normal,0,PredRedLPP,0,99.97785,1.399999,3.333333,0.009051719,0.108477
283,Normal,1,PredRedLPP,0,100.002,0.7999998,6.666667,0.001724138,0.03735632
284,Normal,0,PredRedLPP,1,99.97662,2.600001,7.5,0.01770284,0.06804153
284,Normal,1,PredRedLPP,0,100.0039,0,2,0,0.09473634
285,Normal,0,PredRedLPP,1,99.97073,2.600001,8,0.01964096,0.08809776
285,Normal,1,PredRedLPP,0,100.0057,0,10,0,0.05651933
286,Normal,0,PredRedLPP,1,99.97906,2.6,8,0.005502648,0.1496599
286,Normal,1,PredRedLPP,1,100.0018,2.6,7.142858,0.01206349,0.08616781
287,Normal,0,PredRedLPP,7,100.0059,4,10,0.1219527,0.2537313
287,Normal,1,PredRedLPP,7,99.97663,2.6,10,0.0802239,0.2013593
288,Normal,0,PredRedLPP,1,99.98138,3.333334,8.571428,0.009074669,0.07482263
288,Normal,1,PredRedLPP,0,100.0026,0,2,0,0.06022558
289,Normal,0,PredRedLPP,6,99.99974,3.228571,10,0.06497969,0.2089526
289,Normal,1,PredRedLPP,7,99.97227,2.6,10,0.1129647,0.2603205
290,Normal,0,PredRedLPP,0,99.97513,0.9999996,5,0.006047513,0.07235419
290,Normal,1,PredRedLPP,0,100.0027,1.199999,4.285714,0.006047513,0.06973154
291,Normal,0,PredRedLPP,7,100.0001,2.6,10,0.122963,0.2782629
291,Normal,1,PredRedLPP,8,99.96487,2.600001,10,0.08333334,0.2218695
292,Normal,0,PredRedLPP,7,100.0016,2.800001,8,0.1084838,0.1780988
292,Normal,1,PredRedLPP,7,99.97312,3.428572,10,0.07333677,0.2018653
293,Normal,0,PredRedLPP,0,100.005,0.7999998,2,0.003023756,0.06263496
293,Normal,1,PredRedLPP,0,99.98199,1.399999,2.333333,0.009071269,0.06767458
294,Normal,0,PredRedLPP,7,99.98403,2.6,10,0.1334579,0.2696634
294,Normal,1,PredRedLPP,7,100.0018,2.600001,10,0.07824466,0.2013251
295,Normal,0,PredRedLPP,8,99.99965,2.6,10,0.07892652,0.2075982
295,Normal,1,PredRedLPP,8,99.96998,2.6,10,0.0801464,0.1931339
296,Normal,0,PredRedLPP,1,99.97855,2.6,6.666667,0.0118896,0.1037307
296,Normal,1,PredRedLPP,0,100.0004,0,10,0,0.06248104
297,Normal,0,PredRedLPP,6,99.99987,2.600001,10,0.06018257,0.217186
297,Normal,1,PredRedLPP,6,99.97517,3.228571,10,0.07302488,0.1884528
298,Normal,0,PredRedLPP,0,100.0039,2.166667,7.142858,0.005538461,0.152088
298,Normal,1,PredRedLPP,2,99.97852,2.600001,8.571428,0.03323076,0.1216118
299,Normal,0,PredRedLPP,1,99.97125,3.400001,10,0.01802757,0.1130132
299,Normal,1,PredRedLPP,0,100.0033,1.399999,3.571429,0.008907736,0.07135281
300,Normal,0,PredRedLPP,3,99.9701,2.6,10,0.05800335,0.2961567
300,Normal,1,PredRedLPP,2,99.99892,2.6,10,0.04467002,0.2360164
301,Normal,0,PredRedLPP,0,100.0003,2.600001,8,0.01188467,0.138246
301,Normal,1,PredRedLPP,1,99.9744,2.6,10,0.01518987,0.200422
302,Normal,0,PredRedLPP,1,99.98023,2.6,5,0.00845666,0.1627908
302,Normal,1,PredRedLPP,0,99.99648,0.999999,5,0.005073992,0.1356086
303,Normal,0,PredRedLPP,0,99.97985,2.228572,3,0.07360222,0.2355172
303,Normal,1,PredRedLPP,0,99.99879,1.199999,8,0.004246283,0.1204125
304,Normal,0,PredRedLPP,6,99.9707,3.333334,8,0.04358023,0.2477514
304,Normal,1,PredRedLPP,5,100.0007,2.600001,10,0.04276893,0.2212524
305,Normal,0,PredRedLPP,5,99.97346,3.428572,10,0.0529865,0.2643363
305,Normal,1,PredRedLPP,3,100.0005,2.6,10,0.04643543,0.2355262
306,Normal,0,PredRedLPP,0,100.0011,2.600001,8,0.01111111,0.1292518
306,Normal,1,PredRedLPP,1,99.96766,2.6,7.142858,0.06549342,0.2367151
307,Normal,0,PredRedLPP,0,100.0012,0.7999992,3.142857,0.003883492,0.113885
307,Normal,1,PredRedLPP,0,99.96809,2.600001,8.571428,0.03782809,0.2186265
308,Normal,0,PredRedLPP,0,100.0039,1.399999,2.666667,0.004816752,0.1370232
308,Normal,1,PredRedLPP,1,99.97266,2.6,10,0.01340314,0.2017453
309,Normal,0,PredRedLPP,3,99.9866,4,8,0.06525534,0.2674732
309,Normal,1,PredRedLPP,1,100.0031,1.399999,5,0.04314513,0.232527
310,Normal,0,PredRedLPP,0,100.0016,1.733333,3,0.06379421,0.24054
310,Normal,1,PredRedLPP,0,99.97073,1.857144,10,0.01475936,0.2180291
311,Normal,0,PredRedLPP,0,99.9954,1.399999,3,0.06032082,0.216654
311,Normal,1,PredRedLPP,1,99.9675,2.6,2.5,0.009197859,0.1130634
312,Normal,0,PredRedLPP,3,99.97172,3.800001,8.571428,0.06302547,0.254646
312,Normal,1,PredRedLPP,3,100.0029,2.600001,8.571428,0.05411642,0.271859
313,Normal,0,PredRedLPP,1,99.98048,4,6.666667,0.01222921,0.1279825
313,Normal,1,PredRedLPP,0,99.9989,1.199999,2.333333,0.006079662,0.1136568
314,Normal,0,PredRedLPP,4,99.97417,2.666666,8.333334,0.06939569,0.276803
314,Normal,1,PredRedLPP,2,100.0044,2.6,10,0.06042882,0.2759679
315,Normal,0,PredRedLPP,2,99.96359,1.399999,8.571428,0.08641723,0.2752661
315,Normal,1,PredRedLPP,1,99.99963,1.399999,6,0.02305357,0.2802254
316,Normal,0,PredRedLPP,0,99.99846,1.399999,2,0.002962961,0.1487529
316,Normal,1,PredRedLPP,1,99.97172,2.666668,8,0.01862433,0.2027212
317,Normal,0,PredRedLPP,2,99.97187,2.6,7.428571,0.01723779,0.135786
317,Normal,1,PredRedLPP,0,100.002,1.399999,4.857142,0.06479748,0.2468477
318,Normal,0,PredRedLPP,1,100.004,2.6,10,0.02579363,0.3081071
318,Normal,1,PredRedLPP,4,99.98513,3.428572,10,0.06441797,0.3323886
319,Normal,0,PredRedLPP,0,100.0021,1.399999,8.571428,0.01581559,0.1908815
319,Normal,1,PredRedLPP,1,99.96825,2.6,10,0.05822692,0.2274569
320,Normal,0,PredRedLPP,0,99.97433,1.399999,7.714286,0.01209503,0.203641
320,Normal,1,PredRedLPP,0,100.0051,0.999999,2.857143,0.002159825,0.1265042
321,Normal,0,PredRedLPP,0,99.99902,1.399999,3.142858,0.03737189,0.1916316
321,Normal,1,PredRedLPP,1,99.98337,2.6,5,0.008016879,0.1220615
322,Normal,0,PredRedLPP,1,99.97549,2.6,8,0.00846561,0.1490552
322,Normal,1,PredRedLPP,0,100.0024,1.399999,8,0.05883595,0.2282693
323,Normal,0,PredRedLPP,2,100.0029,1.399999,5.333333,0.05896144,0.2393876
323,Normal,1,PredRedLPP,2,99.97348,2.857143,7.142858,0.08368503,0.3480259
324,Normal,0,PredRedLPP,1,99.97906,2.600001,8,0.02608088,0.2021321
324,Normal,1,PredRedLPP,0,99.9989,1.199999,5.333333,0.004393304,0.1087867
325,Normal,0,PredRedLPP,0,99.97058,1.399999,2,0.006120215,0.09836066
325,Normal,1,PredRedLPP,0,100.0075,1.399999,4.285715,0.007431691,0.1989072
326,Normal,0,PredRedLPP,4,99.98052,4,10,0.05990812,0.2695445
326,Normal,1,PredRedLPP,3,99.99926,2.6,10,0.04829393,0.253937
327,Normal,0,PredRedLPP,0,99.97299,1.199999,10,0.008128338,0.1860964
327,Normal,1,PredRedLPP,0,99.99986,0.6999993,10,0.001497325,0.1026738
328,Normal,0,PredRedLPP,4,100.0038,2.6,10,0.04147868,0.2290101
328,Normal,1,PredRedLPP,6,99.96912,3.428571,8.333334,0.05080558,0.2094522
329,Normal,0,PredRedLPP,4,100.0016,1.4,8.571428,0.04546029,0.2580954
329,Normal,1,PredRedLPP,6,99.97138,2.6,8,0.05790474,0.2795012
330,Normal,0,PredRedLPP,15,99.97204,3.066666,10,0.08145185,0.3668458
330,Normal,1,PredRedLPP,8,100.0047,2.600001,10,0.07299554,0.3511687
331,Normal,0,PredRedLPP,5,100.0015,2.600001,10,0.05750002,0.2395173
331,Normal,1,PredRedLPP,26,99.98285,2.600001,10,0.1374504,0.4261408
332,Normal,0,PredRedLPP,10,100.0039,2.600001,10,0.07805872,0.3605678
332,Normal,1,PredRedLPP,10,99.97959,2.600001,10,0.09328683,0.3982231
333,Normal,0,PredRedLPP,6,99.99992,2.6,10,0.04384864,0.2752192
333,Normal,1,PredRedLPP,22,99.98597,2.600001,10,0.1016998,0.4150141
334,Normal,0,PredRedLPP,11,100.0022,2.600001,10,0.09221776,0.4027117
334,Normal,1,PredRedLPP,11,99.97329,2.600001,10,0.07917024,0.3354848
335,Normal,0,PredRedLPP,14,99.97685,2.600001,10,0.07831458,0.4364694
335,Normal,1,PredRedLPP,12,100.0052,2.600001,10,0.06935053,0.2993636
336,Normal,0,PredRedLPP,28,99.98118,2.600001,10,0.1137987,0.4033196
336,Normal,1,PredRedLPP,3,100.0015,2.628572,10,0.0513414,0.2586681
337,Normal,0,PredRedLPP,12,99.96895,2.6,10,0.08842407,0.3840028
337,Normal,1,PredRedLPP,6,100.0027,2.600001,10,0.067665,0.3452976
338,Normal,0,PredRedLPP,3,100.0027,2.600001,10,0.0575886,0.2875144
338,Normal,1,PredRedLPP,8,99.98361,2.600001,10,0.06732673,0.2828426
339,Normal,0,PredRedLPP,16,99.97958,2.600001,10,0.09307297,0.3444196
339,Normal,1,PredRedLPP,6,100.0004,2.600001,10,0.04776043,0.2854167
340,Normal,0,PredRedLPP,31,99.98857,2.600001,8,0.1160524,0.3224089
340,Normal,1,PredRedLPP,9,100.0023,3,10,0.03624029,0.2060069
341,Normal,0,PredRedLPP,4,100.0021,2.600001,10,0.05023628,0.2030431
341,Normal,1,PredRedLPP,48,99.97769,2.600001,10,0.1473491,0.3806512
342,Normal,0,PredRedLPP,7,100.0023,2.600001,10,0.05779788,0.2163362
342,Normal,1,PredRedLPP,38,99.96637,2.600001,10,0.1303988,0.3928286
343,Normal,0,PredRedLPP,14,99.97837,4,10,0.06720088,0.3711081
343,Normal,1,PredRedLPP,7,100.0063,2.600001,10,0.07224514,0.4330739
344,Normal,0,PredRedLPP,2,100.0029,2.6,8.571428,0.0245993,0.1592448
344,Normal,1,PredRedLPP,49,99.97437,2.600001,10,0.1485288,0.4295493
345,Normal,0,PredRedLPP,6,99.98432,2.600001,10,0.06822284,0.3580989
345,Normal,1,PredRedLPP,3,100.0003,3.228572,10,0.05807656,0.3054112
346,Normal,0,PredRedLPP,24,99.96619,3,10,0.1209975,0.3471281
346,Normal,1,PredRedLPP,22,100.0088,2.600001,10,0.1248575,0.3988261
347,Normal,0,PredRedLPP,17,100.0042,2.600001,10,0.09103505,0.4181837
347,Normal,1,PredRedLPP,23,99.99411,2.8,10,0.1151908,0.4513696
348,Normal,0,PredRedLPP,60,99.96986,2.600001,10,0.1618114,0.4074959
348,Normal,1,PredRedLPP,59,99.99857,3.600001,10,0.1601571,0.3768167
349,Normal,0,PredRedLPP,3,100.0018,2.600001,10,0.06711375,0.3118226
349,Normal,1,PredRedLPP,9,99.97835,2.6,10,0.089814,0.3928887
350,Normal,0,PredRedLPP,18,99.98271,2.600001,10,0.09425291,0.3940156
350,Normal,1,PredRedLPP,5,100.0019,2.600001,10,0.05070607,0.3246124
351,Normal,0,PredRedLPP,6,100.0012,2.600001,10,0.08436126,0.3529897
351,Normal,1,PredRedLPP,14,99.98072,2.600001,10,0.06829783,0.3299131
352,Normal,0,PredRedLPP,5,100.0018,2.600001,10,0.08022286,0.3419111
352,Normal,1,PredRedLPP,11,99.98,2.600001,10,0.08327723,0.3781867
353,Normal,0,PredRedLPP,18,99.97129,2.600001,10,0.1015291,0.4331587
353,Normal,1,PredRedLPP,9,100.0031,2.6,8,0.04803409,0.2150139
354,Normal,0,PredRedLPP,70,99.96888,4,10,0.1665771,0.3833623
354,Normal,1,PredRedLPP,37,100.0032,3.766667,10,0.09616367,0.2859488
355,Normal,0,PredRedLPP,11,100.0033,2.6,10,0.0850461,0.3453149
355,Normal,1,PredRedLPP,15,99.97247,3.099999,10,0.08483873,0.4239248
356,Normal,0,PredRedLPP,75,99.98917,2.600001,10,0.1696631,0.3553426
356,Normal,1,PredRedLPP,0,100.0043,0,0,0,0
357,Normal,0,PredRedLPP,15,99.9767,2.600001,10,0.07389902,0.4036772
357,Normal,1,PredRedLPP,6,100.0023,2.600001,10,0.05025311,0.245594
358,Normal,0,PredRedLPP,2,100.0017,1.399999,8,0.01756045,0.1738772
358,Normal,1,PredRedLPP,16,99.9718,2.600001,10,0.1149091,0.3968754
359,Normal,0,PredRedLPP,4,99.98755,2.600001,10,0.08018768,0.3619986
359,Normal,1,PredRedLPP,2,100.0011,2.6,10,0.02712643,0.257706
360,Normal,0,PredRedLPP,1,99.98409,2.6,10,0.01616161,0.05154998
361,Normal,0,PredRedLPP,0,99.97708,0.933333,6.666667,0.003060108,0.02622951
362,Normal,0,PredRedLPP,0,99.9835,0.6,4.857143,0.002188183,0.01813066
363,Normal,0,PredRedLPP,0,99.97268,0,8.333334,0,0.03030303
364,Normal,0,PredRedLPP,0,99.98421,0,0,0,0
365,Normal,0,PredRedLPP,1,99.96859,2.6,10,0.01134602,0.04701499
366,Normal,0,PredRedLPP,0,99.97623,0,10,0,0.01082251
367,Normal,0,PredRedLPP,1,99.98447,2.6,4.285714,0.007485876,0.03662228
368,Normal,0,PredRedLPP,0,99.9803,0,10,0,0.01082251
369,Normal,0,PredRedLPP,0,99.97424,1.399999,7.142858,0.006120215,0.03122561
370,Normal,0,PredRedLPP,0,99.97733,0.866667,10,0.002411875,0.01082251
371,Normal,0,PredRedLPP,1,99.98428,2.6,10,0.01457233,0.1136421
372,Normal,0,PredRedLPP,0,99.97561,0,2,0,0.0137543
373,Normal,0,PredRedLPP,0,99.96948,0,1.714286,0,0.00865801
374,Normal,0,PredRedLPP,0,99.98463,0,2,0,0.00865801
375,Normal,0,PredRedLPP,0,99.97847,0,10,0,0.04710921
376,Normal,0,PredRedLPP,0,99.98082,2.228572,2,0.002807777,0.01727862
377,Normal,0,PredRedLPP,1,99.97925,2.6,8.571428,0.01430073,0.04065895
378,Normal,0,PredRedLPP,0,99.98349,2.228572,10,0.0055615,0.01069519
379,Normal,0,PredRedLPP,0,99.97304,0,10,0,0.01498929
380,Normal,0,PredRedLPP,1,99.98136,2.6,6.666667,0.002783727,0.03354747
381,Normal,0,PredRedLPP,0,99.98358,0,0,0,0
382,Normal,0,PredRedLPP,0,99.97715,1.166666,8.333334,0.006113534,0.03867748
383,Normal,0,PredRedLPP,0,99.97461,0,0,0,0
384,Normal,0,PredRedLPP,0,99.97392,0,10,0,0.01082251
385,Normal,0,PredRedLPP,1,99.97465,2.6,7.142858,0.006349208,0.03738977
386,Normal,0,PredRedLPP,0,99.98016,0,10,0,0.01082251
387,Normal,0,PredRedLPP,0,99.98148,1.166666,10,0.00353153,0.03675676
388,Normal,0,PredRedLPP,0,99.97524,0,10,0,0.01082251
389,Normal,0,PredRedLPP,2,99.96912,2.6,10,0.01200406,0.03313472
390,Normal,0,PredRedLPP,0,99.98602,1.199999,2,0.003282274,0.1427009
391,Normal,0,PredRedLPP,0,99.97745,2.600001,2,0.002813854,0.1737787
392,Normal,0,PredRedLPP,1,99.96928,2.600001,8.571428,0.01513481,0.1626199
393,Normal,0,PredRedLPP,0,99.97678,1.857144,8,0.01153846,0.1411275
394,Normal,0,PredRedLPP,0,99.98729,0.9999996,3.142857,0.006189963,0.1512426
395,Normal,0,PredRedLPP,1,99.9757,2.600001,8,0.01541666,0.1931549
396,Normal,0,PredRedLPP,0,99.97112,1.399999,2,0.005982903,0.1471308
397,Normal,0,PredRedLPP,0,99.9778,1.399999,4.285714,0.005621619,0.1513514
398,Normal,0,PredRedLPP,1,99.96822,2.6,8,0.00846561,0.1679014
399,Normal,0,PredRedLPP,1,99.97661,2.600001,8,0.00845666,0.1247358
400,Normal,0,PredRedLPP,1,99.96647,2.6,8.333334,0.01216649,0.1750268
401,Normal,0,PredRedLPP,0,99.98688,1.399999,2,0.003063456,0.1400439
402,Normal,0,PredRedLPP,1,99.97643,1.399999,5,0.08711576,0.3197634
403,Normal,0,PredRedLPP,0,99.98236,2.600001,2,0.00940171,0.1217949
404,Normal,0,PredRedLPP,0,99.97037,0.9999996,2,0.003027025,0.1507337
405,Normal,0,PredRedLPP,0,99.96819,0.9999996,2.142857,0.01238615,0.1259954
406,Normal,0,PredRedLPP,1,99.97182,2.6,8,0.00845666,0.1703414
407,Normal,0,PredRedLPP,1,99.97732,2.6,4.285714,0.01128526,0.1395732
408,Normal,0,PredRedLPP,0,99.97769,1.399999,2,0.003063456,0.1444202
409,Normal,0,PredRedLPP,0,99.97646,0.9999996,8,0.002164501,0.1574418
410,Normal,0,PredRedLPP,0,99.97485,0.2333331,8.333334,0.00367965,0.1532159
411,Normal,0,PredRedLPP,0,99.97555,1.199999,2.571428,0.002569592,0.1434691
412,Normal,0,PredRedLPP,1,99.97433,2.600001,8.571428,0.01235087,0.1954387
413,Normal,0,PredRedLPP,0,99.97617,1.166666,2,0.003060108,0.1455114
414,Normal,0,PredRedLPP,0,99.98231,0.9999996,2.571428,0.01347747,0.1282369
415,Normal,0,PredRedLPP,0,99.97086,0.999999,3.142857,0.0021645,0.1493507
416,Normal,0,PredRedLPP,0,99.9826,0.7999998,2,0.003535351,0.1343538
417,Normal,0,PredRedLPP,0,99.9698,1.399999,3,0.03703701,0.1739808
418,Normal,0,PredRedLPP,0,99.96915,1.199999,8,0.01841063,0.1551345
419,Normal,0,PredRedLPP,1,99.9706,2.6,8,0.01500536,0.2017047
420,Normal,0,PredRedLPP,0,99.98303,1.857144,10,0.05312688,0.3595954
421,Normal,0,PredRedLPP,6,99.97179,2.600001,10,0.07374301,0.3833379
422,Normal,0,PredRedLPP,1,99.98033,2.6,10,0.04092336,0.3539699
423,Normal,0,PredRedLPP,0,99.96886,1.399999,10,0.03492405,0.3306994
424,Normal,0,PredRedLPP,1,99.972,2.6,10,0.05295356,0.3507134
425,Normal,0,PredRedLPP,6,99.97373,2.6,10,0.0610901,0.4075301
426,Normal,0,PredRedLPP,0,99.98756,0,0,0,0
427,Normal,0,PredRedLPP,11,99.97079,2.600001,10,0.05392078,0.3247832
428,Normal,0,PredRedLPP,22,99.98237,2.600001,10,0.09521079,0.4526205
429,Normal,0,PredRedLPP,4,99.9688,3.766667,8,0.06429511,0.3929512
430,Normal,0,PredRedLPP,9,99.97887,2.6,10,0.06592184,0.422504
431,Normal,0,PredRedLPP,1,99.97042,3.800001,10,0.05021006,0.3420868
432,Normal,0,PredRedLPP,6,99.9754,2.600001,10,0.06371473,0.3772138
433,Normal,0,PredRedLPP,3,99.98054,2.600001,10,0.03959998,0.3187619
434,Normal,0,PredRedLPP,16,99.97038,2.600001,10,0.07791588,0.4483232
435,Normal,0,PredRedLPP,3,99.98172,2.6,10,0.03670372,0.3128943
436,Normal,0,PredRedLPP,9,99.9707,2.600001,10,0.07199298,0.3909026
437,Normal,0,PredRedLPP,4,99.97131,2.600001,8.571428,0.03488974,0.3293496
438,Normal,0,PredRedLPP,0,99.97307,1.399999,8.571428,0.0319218,0.2986919
439,Normal,0,PredRedLPP,0,99.97671,1.399999,10,0.03562229,0.3423769
440,Normal,0,PredRedLPP,17,99.97783,2.600001,10,0.09477668,0.3880537
441,Normal,0,PredRedLPP,2,99.97981,2.6,10,0.04346335,0.3408135
442,Normal,0,PredRedLPP,3,99.9858,2.6,7.142858,0.02717282,0.2370963
443,Normal,0,PredRedLPP,11,99.97236,2.600001,10,0.06590479,0.3703969
444,Normal,0,PredRedLPP,2,99.97005,2.6,10,0.06787556,0.4114206
445,Normal,0,PredRedLPP,6,99.97032,2.600001,10,0.06099289,0.4000704
446,Normal,0,PredRedLPP,2,99.97899,2.600001,10,0.05623947,0.3932055
447,Normal,0,PredRedLPP,0,99.97017,0,6,0,0.006493507
448,Normal,0,PredRedLPP,14,99.97552,2.600001,10,0.07702611,0.3987712
449,Normal,0,PredRedLPP,1,99.97253,2.6,10,0.05112041,0.3654962
450,Normal,0,PredRedLPP,0,100.0013,1.399999,8,0.001495726,0.0352564
450,Normal,1,PredRedLPP,0,99.98454,1.857144,15,0.01153846,0.1036325
451,Normal,0,PredRedLPP,6,100.0019,3.428572,10,0.0773435,0.1833946
451,Normal,1,PredRedLPP,7,99.97707,2.600001,10,0.08350811,0.2116302
452,Normal,0,PredRedLPP,8,99.97209,3.100001,10,0.1457493,0.3098295
452,Normal,1,PredRedLPP,7,100.0008,2.600001,10,0.09724773,0.1871124
453,Normal,0,PredRedLPP,8,99.98773,4,10,0.07846609,0.2614412
453,Normal,1,PredRedLPP,6,100.0019,3.766667,10,0.08100298,0.2500632
454,Normal,0,PredRedLPP,1,99.97121,2.6,8.333334,0.01278826,0.08595388
454,Normal,1,PredRedLPP,0,100.0021,0,2,0,0.08785067
455,Normal,0,PredRedLPP,7,100.0076,2.6,8.571428,0.0827629,0.1976125
455,Normal,1,PredRedLPP,8,99.97983,2.600001,10,0.08825167,0.2088454
456,Normal,0,PredRedLPP,0,100.0039,1.166666,2,0.003030301,0.04421768
456,Normal,1,PredRedLPP,0,99.9689,0,2,0,0.03679654
457,Normal,0,PredRedLPP,8,99.97115,2.600001,10,0.1085836,0.2492382
457,Normal,1,PredRedLPP,6,100.0042,2.657144,10,0.09378435,0.2636893
458,Normal,0,PredRedLPP,0,99.97286,1.399999,5.714286,0.0121081,0.1149035
458,Normal,1,PredRedLPP,0,100.0019,0,2,0,0.04324324
459,Normal,0,PredRedLPP,0,100.0023,0,2.571428,0,0.07371368
459,Normal,1,PredRedLPP,2,99.98621,2.6,10,0.01609907,0.0978918
460,Normal,0,PredRedLPP,1,99.98615,2.6,10,0.01970338,0.1470945
460,Normal,1,PredRedLPP,1,100.0024,4,10,0.01271186,0.1144068
461,Normal,0,PredRedLPP,0,99.9849,0.9999996,2,0.003992868,0.0681436
461,Normal,1,PredRedLPP,0,100.0044,1.199999,4.571428,0.008983953,0.06997706
462,Normal,0,PredRedLPP,6,99.98536,3.100001,10,0.09687796,0.3010767
462,Normal,1,PredRedLPP,6,100.0025,3.800001,10,0.07901067,0.2418795
463,Normal,0,PredRedLPP,7,99.98693,2.600001,10,0.08234201,0.2075589
463,Normal,1,PredRedLPP,6,100.0008,3.028571,10,0.07521685,0.1938396
464,Normal,0,PredRedLPP,8,99.97459,2.600001,8.333334,0.09984729,0.2532845
464,Normal,1,PredRedLPP,7,100.0019,2.600001,10,0.07907119,0.1922221
465,Normal,0,PredRedLPP,1,100.0034,2.6,8,0.01498929,0.07800549
465,Normal,1,PredRedLPP,0,99.97636,0,10,0,0.06566738
466,Normal,0,PredRedLPP,0,100.001,0.9333324,3.333333,0.002018016,0.03243244
466,Normal,1,PredRedLPP,0,99.98401,1.733333,10,0.005168595,0.1105792
467,Normal,0,PredRedLPP,6,100.0039,3.6,8.571428,0.07013232,0.1659915
467,Normal,1,PredRedLPP,7,99.98151,2.800001,10,0.1171393,0.252588
468,Normal,0,PredRedLPP,7,100.0017,4,5.142858,0.09605608,0.2177287
468,Normal,1,PredRedLPP,8,99.96837,4,10,0.09891906,0.2224448
469,Normal,0,PredRedLPP,0,100.0059,0,2,0,0.05133689
469,Normal,1,PredRedLPP,0,99.98457,1.399999,5.714286,0.007669974,0.1044563
470,Normal,0,PredRedLPP,6,99.99762,3.028572,10,0.07124199,0.2029584
470,Normal,1,PredRedLPP,7,99.98174,2.600001,10,0.0785448,0.2195274
471,Normal,0,PredRedLPP,7,99.96638,2.6,10,0.1015375,0.2543491
471,Normal,1,PredRedLPP,7,99.99806,3.800001,10,0.1215252,0.2808821
472,Normal,0,PredRedLPP,0,100.0027,0,2,0,0.02352942
472,Normal,1,PredRedLPP,0,99.98072,1.199999,2,0.004491977,0.06936593
473,Normal,0,PredRedLPP,6,100.004,3.428571,8.571428,0.07844405,0.2424557
473,Normal,1,PredRedLPP,8,99.97986,2.666666,10,0.07663947,0.2219489
474,Normal,0,PredRedLPP,0,99.97935,1.485716,2,0.005781584,0.04282655
474,Normal,1,PredRedLPP,0,100.0037,1.166666,8.333334,0.002498215,0.0789232
475,Normal,0,PredRedLPP,8,99.96901,3.228572,10,0.08669741,0.2181699
475,Normal,1,PredRedLPP,7,100.0023,3.428572,10,0.08258066,0.2164144
476,Normal,0,PredRedLPP,0,100.0007,1.857144,5.333333,0.02345415,0.1481877
476,Normal,1,PredRedLPP,0,99.98121,2.228572,3,0.01002132,0.08559241
477,Normal,0,PredRedLPP,7,100.0031,3.333333,10,0.06810552,0.2368106
477,Normal,1,PredRedLPP,8,99.97716,4,10,0.08396712,0.2777922
478,Normal,0,PredRedLPP,7,99.97453,4,10,0.06556066,0.2100505
478,Normal,1,PredRedLPP,1,99.99979,3.428571,10,0.0151152,0.1529077
479,Normal,0,PredRedLPP,7,99.98156,2.833334,10,0.09696397,0.208819
479,Normal,1,PredRedLPP,7,100.0008,2.600001,10,0.08443121,0.1932322
480,Normal,0,PredRedLPP,4,99.97,3.766667,8.571428,0.05718889,0.2754215
480,Normal,1,PredRedLPP,2,99.99962,1.733333,7.142858,0.03813206,0.2558719
481,Normal,0,PredRedLPP,0,99.97211,1.166666,3.571428,0.004256853,0.1688313
481,Normal,1,PredRedLPP,0,99.99789,0.1999998,5.714285,0.0004329,0.1212122
482,Normal,0,PredRedLPP,2,99.96979,1.857144,8,0.04128281,0.2260566
482,Normal,1,PredRedLPP,1,100.0034,1.399999,8.571428,0.02354144,0.2626116
483,Normal,0,PredRedLPP,0,100.0025,0,3.333333,0,0.144556
483,Normal,1,PredRedLPP,0,99.97819,1.399999,8,0.009513509,0.1913513
484,Normal,0,PredRedLPP,1,99.97881,2.6,7.142858,0.07269499,0.248683
484,Normal,1,PredRedLPP,0,99.99648,1.485716,4.333333,0.006595743,0.1595745
485,Normal,0,PredRedLPP,1,99.97343,2.600001,8,0.0459601,0.2098136
485,Normal,1,PredRedLPP,0,100.0012,1.199999,2,0.0422525,0.1821819
486,Normal,0,PredRedLPP,0,100.0017,1.399999,7.666667,0.0875909,0.2760301
486,Normal,1,PredRedLPP,1,99.97201,1.399999,8.571428,0.01728134,0.1929852
487,Normal,0,PredRedLPP,0,99.97639,2.166667,8,0.05181194,0.2481419
487,Normal,1,PredRedLPP,0,99.99921,0.6,3.5,0.001291712,0.130709
488,Normal,0,PredRedLPP,0,99.99815,1.399999,7.142858,0.09828529,0.3030081
488,Normal,1,PredRedLPP,2,99.97508,2.6,8,0.01659807,0.2136979
489,Normal,0,PredRedLPP,2,99.99883,1.733333,8,0.04512468,0.2587303
489,Normal,1,PredRedLPP,4,99.98003,3.428572,10,0.06007254,0.235465
490,Normal,0,PredRedLPP,0,100.0026,1.199999,2,0.002507836,0.1642634
490,Normal,1,PredRedLPP,1,99.96931,2.6,10,0.008847091,0.1198189
491,Normal,0,PredRedLPP,3,99.98453,4,7.5,0.05490994,0.2682395
491,Normal,1,PredRedLPP,1,100.0022,2.228572,8,0.04543466,0.2793069
492,Normal,0,PredRedLPP,0,99.99815,1.199999,2,0.00470588,0.1207029
492,Normal,1,PredRedLPP,0,99.97562,2.600001,10,0.01454545,0.1882354
493,Normal,0,PredRedLPP,6,99.97417,2.600001,8.333334,0.08941898,0.2634595
493,Normal,1,PredRedLPP,6,99.99961,2.600001,10,0.09389658,0.2750534
494,Normal,0,PredRedLPP,0,99.97337,1.399999,6,0.01423947,0.1963324
494,Normal,1,PredRedLPP,0,100.0062,1.485714,8,0.005794419,0.1165049
495,Normal,0,PredRedLPP,0,99.97445,1.199999,6,0.02742163,0.1868642
495,Normal,1,PredRedLPP,1,99.99713,2.6,5.857143,0.008333332,0.1153846
496,Normal,0,PredRedLPP,5,100.0015,2.6,10,0.06306817,0.3081711
496,Normal,1,PredRedLPP,5,99.98479,4,9.428572,0.04955806,0.2416127
497,Normal,0,PredRedLPP,0,99.97227,1.399999,5,0.05413531,0.2234158
497,Normal,1,PredRedLPP,0,100.005,1.199999,7.142858,0.01288936,0.1868958
498,Normal,0,PredRedLPP,0,100.0071,0.4666662,6,0.0005100177,0.1698674
498,Normal,1,PredRedLPP,0,99.97404,1.166666,2,0.006557373,0.1692429
499,Normal,0,PredRedLPP,1,99.97305,2.600001,8,0.01277777,0.2177084
499,Normal,1,PredRedLPP,0,100.0047,1.199999,8.333334,0.004444442,0.1473215
500,Normal,0,PredRedLPP,1,99.97605,3.333332,8,0.01180992,0.1569832
500,Normal,1,PredRedLPP,0,100.0026,1.399999,5,0.06498948,0.2331537
501,Normal,0,PredRedLPP,1,100.0002,2.6,6,0.0163678,0.1123332
501,Normal,1,PredRedLPP,1,99.97488,2.6,8.333334,0.0127615,0.1164575
502,Normal,0,PredRedLPP,5,100.0008,1.399999,6.666667,0.05609683,0.2073475
502,Normal,1,PredRedLPP,8,99.97728,3.766667,10,0.05618541,0.2338564
503,Normal,0,PredRedLPP,1,100.0032,2.6,7.142858,0.04273167,0.2386063
503,Normal,1,PredRedLPP,4,99.97509,2.9,10,0.06150987,0.30151
504,Normal,0,PredRedLPP,6,99.99833,2.6,10,0.07282329,0.273031
504,Normal,1,PredRedLPP,5,99.97561,2.6,8.666667,0.06849921,0.2361995
505,Normal,0,PredRedLPP,0,99.97368,1.399999,4.857143,0.06087884,0.2278365
505,Normal,1,PredRedLPP,0,99.99844,1.199999,2,0.006002141,0.0979942
506,Normal,0,PredRedLPP,1,99.96922,2.600001,6.857142,0.02866099,0.1699259
506,Normal,1,PredRedLPP,0,100.0016,1.199999,2.833333,0.04583767,0.2101805
507,Normal,0,PredRedLPP,2,99.99946,1.399999,7.142858,0.04284811,0.2236926
507,Normal,1,PredRedLPP,5,99.96802,3.766667,10,0.06244484,0.2817536
508,Normal,0,PredRedLPP,0,99.97704,1.199999,6.857142,0.01163793,0.172106
508,Normal,1,PredRedLPP,0,99.99809,0.3999996,2.571428,0.0008620681,0.1142242
509,Normal,0,PredRedLPP,1,99.97443,2.6,8.333334,0.01920667,0.2052889
509,Normal,1,PredRedLPP,0,100.0036,0,2,0,0.1642311
510,Normal,0,PredRedLPP,10,100.0004,2.6,10,0.08110196,0.406864
510,Normal,1,PredRedLPP,11,99.97041,2.600001,10,0.09012045,0.4277629
511,Normal,0,PredRedLPP,10,99.97183,2.600001,10,0.06246401,0.4197797
511,Normal,1,PredRedLPP,10,100.0041,2.95,10,0.06416237,0.3270209
512,Normal,0,PredRedLPP,16,99.97695,2.600001,10,0.09181252,0.4187326
512,Normal,1,PredRedLPP,6,100.0146,3.100001,10,0.06785992,0.3089864
513,Normal,0,PredRedLPP,12,99.97975,2.828571,10,0.08499761,0.3593725
513,Normal,1,PredRedLPP,9,100.0005,2.600001,10,0.07094283,0.3708871
514,Normal,0,PredRedLPP,1,100.0011,2.600001,10,0.05223782,0.2640514
514,Normal,1,PredRedLPP,1,99.97981,2.600001,8.571428,0.06970636,0.3881074
515,Normal,0,PredRedLPP,70,100.0011,2.600001,10,0.1572098,0.3787448
515,Normal,1,PredRedLPP,78,99.99281,2.600001,10,0.174394,0.4079322
516,Normal,0,PredRedLPP,7,100.0004,2.600001,10,0.06926265,0.3401752
516,Normal,1,PredRedLPP,13,99.97279,2.600001,10,0.0829854,0.4216124
517,Normal,0,PredRedLPP,10,99.96652,2.88,10,0.07234504,0.3784634
517,Normal,1,PredRedLPP,8,100.0014,2.685716,10,0.07580691,0.3017098
518,Normal,0,PredRedLPP,57,99.97646,2.600001,10,0.1545573,0.3952859
518,Normal,1,PredRedLPP,44,100.0058,2.95,10,0.1302025,0.3201331
519,Normal,0,PredRedLPP,10,99.97079,3.000001,10,0.08346318,0.354731
519,Normal,1,PredRedLPP,3,100.0013,2.600001,10,0.0535642,0.2943723
520,Normal,0,PredRedLPP,13,99.96925,2.600001,10,0.08145386,0.3818076
520,Normal,1,PredRedLPP,6,100.0006,2.600001,10,0.07638485,0.3175898
521,Normal,0,PredRedLPP,5,100.0008,2.600001,10,0.09259965,0.3936026
521,Normal,1,PredRedLPP,6,99.9742,2.600001,10,0.1139605,0.5550284
522,Normal,0,PredRedLPP,69,99.98272,2.800001,10,0.1635624,0.3688324
522,Normal,1,PredRedLPP,43,100.0006,2.600001,8.571428,0.1088867,0.2698483
523,Normal,0,PredRedLPP,7,99.96981,2.6,8.571428,0.06916016,0.3522945
523,Normal,1,PredRedLPP,3,100.003,2.6,10,0.0529264,0.271948
524,Normal,0,PredRedLPP,9,100.0006,2.600001,8.333334,0.05270056,0.3155163
524,Normal,1,PredRedLPP,12,99.9802,2.600001,10,0.07249124,0.3685283
525,Normal,0,PredRedLPP,13,99.96848,2.600001,10,0.07197835,0.35211
525,Normal,1,PredRedLPP,8,100.005,2.600001,10,0.08509485,0.414131
526,Normal,0,PredRedLPP,16,99.97187,2.6,10,0.08822092,0.3517323
526,Normal,1,PredRedLPP,10,100.0009,2.600001,10,0.08956175,0.4441287
527,Normal,0,PredRedLPP,5,100.0024,2.600001,10,0.05309505,0.2658342
527,Normal,1,PredRedLPP,19,99.97855,2.600001,10,0.08219042,0.4766928
528,Normal,0,PredRedLPP,5,100.0028,2.600001,10,0.07782129,0.308509
528,Normal,1,PredRedLPP,19,99.97176,2.866665,10,0.1172357,0.4503151
529,Normal,0,PredRedLPP,22,100.0027,2.600001,10,0.08182577,0.2973037
529,Normal,1,PredRedLPP,57,99.9886,2.600001,10,0.1481498,0.3676878
530,Normal,0,PredRedLPP,14,100.0092,2.600001,10,0.06845716,0.3251747
530,Normal,1,PredRedLPP,28,99.97886,2.600001,10,0.1171874,0.3889842
531,Normal,0,PredRedLPP,10,99.99982,2.600001,10,0.06813344,0.3766264
531,Normal,1,PredRedLPP,23,99.97408,2.600001,10,0.1063639,0.3216734
532,Normal,0,PredRedLPP,13,99.96741,2.600001,10,0.09773354,0.448077
532,Normal,1,PredRedLPP,7,100.0006,2.600001,10,0.09264787,0.3241728
533,Normal,0,PredRedLPP,11,100.0033,2.600001,10,0.06514635,0.2969736
533,Normal,1,PredRedLPP,18,99.98376,2.857143,10,0.09107143,0.40218
534,Normal,0,PredRedLPP,65,99.98733,2.600001,10,0.1598688,0.3891236
534,Normal,1,PredRedLPP,64,100.0039,2.600001,10,0.162213,0.3879851
535,Normal,0,PredRedLPP,1,100.0004,2.6,10,0.05992711,0.2626854
535,Normal,1,PredRedLPP,7,99.9747,2.600001,10,0.08306011,0.3733194
536,Normal,0,PredRedLPP,6,100.0028,2.600001,10,0.08331658,0.3940953
536,Normal,1,PredRedLPP,15,99.96859,2.600001,10,0.09362599,0.3871887
537,Normal,0,PredRedLPP,6,99.98102,2.600001,10,0.1241249,0.6085055
537,Normal,1,PredRedLPP,5,100.0011,2.600001,10,0.09012931,0.4896158
538,Normal,0,PredRedLPP,9,100.0014,2.600001,10,0.05879865,0.2784325
538,Normal,1,PredRedLPP,32,99.97583,3.400001,10,0.1135364,0.3374425
539,Normal,0,PredRedLPP,36,99.97729,2.600001,10,0.1267705,0.3884128
539,Normal,1,PredRedLPP,4,100.0008,2.6,10,0.05340093,0.2495191
540,Normal,0,PredRedLPP,0,99.9838,0,1.714286,0,0.008565311
541,Normal,0,PredRedLPP,0,99.97704,0,2,0,0.01298701
542,Normal,0,PredRedLPP,0,99.98065,0,2.857143,0,0.01731602
543,Normal,0,PredRedLPP,0,99.97733,0,5,0,0.02133581
544,Normal,0,PredRedLPP,0,99.97549,2.228572,10,0.005573421,0.06675853
545,Normal,0,PredRedLPP,0,99.97578,1.166666,10,0.007117142,0.04967603
546,Normal,0,PredRedLPP,0,99.98246,0,0,0,0
547,Normal,0,PredRedLPP,0,99.97972,0,10,0,0.01070664
548,Normal,0,PredRedLPP,0,99.97514,0,10,0,0.01070664
549,Normal,0,PredRedLPP,1,99.97961,2.6,5.714286,0.01469648,0.02850044
550,Normal,0,PredRedLPP,1,99.9756,2.6,10,0.01127348,0.03757829
551,Normal,0,PredRedLPP,0,99.98154,0,10,0,0.03030303
552,Normal,0,PredRedLPP,0,99.97935,1.399999,10,0.006120215,0.02622951
553,Normal,0,PredRedLPP,0,99.98087,0,0,0,0
554,Normal,0,PredRedLPP,0,99.97759,0,0,0,0
555,Normal,0,PredRedLPP,1,99.97899,2.6,10,0.0116279,0.05496828
556,Normal,0,PredRedLPP,0,99.9782,0,0,0,0
557,Normal,0,PredRedLPP,0,99.96843,0,10,0,0.03896104
558,Normal,0,PredRedLPP,0,99.96862,1.399999,5,0.008864863,0.02162162
559,Normal,0,PredRedLPP,0,99.96839,0,5.714286,0,0.02355461
560,Normal,0,PredRedLPP,0,99.97214,0.4333341,1.714286,0.000530235,0.01713062
561,Normal,0,PredRedLPP,0,99.97234,1.399999,3,0.00301724,0.02083333
562,Normal,0,PredRedLPP,0,99.98462,0,0,0,0
563,Normal,0,PredRedLPP,0,99.98135,0,0,0,0
564,Normal,0,PredRedLPP,0,99.97802,0,0,0,0
565,Normal,0,PredRedLPP,0,99.97026,0,10,0,0.03679654
566,Normal,0,PredRedLPP,0,99.98315,1.199999,6.666667,0.006040989,0.03811579
567,Normal,0,PredRedLPP,1,99.97873,2.166667,8.571428,0.01701244,0.05542383
568,Normal,0,PredRedLPP,0,99.97396,2.228572,10,0.005573421,0.05144695
569,Normal,0,PredRedLPP,0,99.98275,0,0,0,0
570,Normal,0,PredRedLPP,0,99.97857,1.399999,4.571429,0.03624731,0.1809321
571,Normal,0,PredRedLPP,0,99.97732,0,2,0,0.1456104
572,Normal,0,PredRedLPP,0,99.98069,0.1999998,10,0.0004329,0.1796538
573,Normal,0,PredRedLPP,0,99.97544,1.166666,5.714286,0.003063456,0.1553612
574,Normal,0,PredRedLPP,1,99.97278,2.6,8,0.01015873,0.1525322
575,Normal,0,PredRedLPP,1,99.97885,2.600001,10,0.01141649,0.1665661
576,Normal,0,PredRedLPP,0,99.97438,0.5999994,2,0.001284795,0.1391864
577,Normal,0,PredRedLPP,1,99.98248,2.6,8,0.01395348,0.1751737
578,Normal,0,PredRedLPP,0,99.97324,1.399999,8,0.01461482,0.1295897
579,Normal,0,PredRedLPP,1,99.969,2.6,5.714286,0.004496789,0.1953198
580,Normal,0,PredRedLPP,4,99.97231,0,6,0,0.215485
581,Normal,0,PredRedLPP,0,99.97002,1.166666,10,0.006060603,0.1515152
582,Normal,0,PredRedLPP,0,99.9658,1.166666,2,0.005021831,0.1367749
583,Normal,0,PredRedLPP,0,99.98045,1.199999,2,0.003030301,0.1320347
584,Normal,0,PredRedLPP,1,99.97162,2.6,8.333334,0.004374431,0.1941472
585,Normal,0,PredRedLPP,0,99.96886,1.199999,2.5,0.02047357,0.1459798
586,Normal,0,PredRedLPP,0,99.96917,1.199999,8,0.003030301,0.1552258
587,Normal,0,PredRedLPP,0,99.97983,1.399999,2,0.003493759,0.09875223
588,Normal,0,PredRedLPP,0,99.9751,0,6,0,0.1391864
589,Normal,0,PredRedLPP,0,99.97893,1.485714,2.857143,0.01934555,0.1403915
590,Normal,0,PredRedLPP,0,99.98169,1.166666,2,0.003063456,0.1450454
591,Normal,0,PredRedLPP,0,99.98181,1.166666,8.571428,0.01663066,0.1408516
592,Normal,0,PredRedLPP,0,99.97672,0.3999996,8,0.0008565303,0.1535639
593,Normal,0,PredRedLPP,0,99.96919,1.485716,8,0.03985583,0.1708109
594,Normal,0,PredRedLPP,0,99.97411,0,2,0,0.1267463
595,Normal,0,PredRedLPP,0,99.97728,0.933333,2,0.003060108,0.1566486
596,Normal,0,PredRedLPP,0,99.9694,1.857144,8,0.02001439,0.134835
597,Normal,0,PredRedLPP,0,99.96546,0.2333331,2,0.001855816,0.1355155
598,Normal,0,PredRedLPP,0,99.98198,1.199999,2.571428,0.016102,0.1370804
599,Normal,0,PredRedLPP,1,99.9734,2.6,8,0.006429072,0.1670162
600,Normal,0,PredRedLPP,7,99.97122,2.6,8.571428,0.03829787,0.3247434
601,Normal,0,PredRedLPP,3,99.97159,2.6,10,0.0398414,0.3078013
602,Normal,0,PredRedLPP,0,99.97565,1.399999,10,0.03962801,0.3356837
603,Normal,0,PredRedLPP,11,99.98577,2.600001,10,0.07161174,0.3734272
604,Normal,0,PredRedLPP,3,99.97848,2.6,10,0.04678231,0.3701407
605,Normal,0,PredRedLPP,10,99.96899,2.600001,8.333334,0.04073447,0.2510897
606,Normal,0,PredRedLPP,5,99.97468,2.6,10,0.05046524,0.3410874
607,Normal,0,PredRedLPP,12,99.98151,3.066666,10,0.08417009,0.4299432
608,Normal,0,PredRedLPP,3,99.983,2.6,8.571428,0.05588822,0.3445489
609,Normal,0,PredRedLPP,1,99.9756,2.6,10,0.05287047,0.339119
610,Normal,0,PredRedLPP,5,99.97057,2.6,10,0.05703349,0.4038735
611,Normal,0,PredRedLPP,0,99.98035,2.600001,8.571428,0.03841199,0.3105968
612,Normal,0,PredRedLPP,5,99.97691,2.600001,10,0.04323862,0.3452269
613,Normal,0,PredRedLPP,4,99.96487,2.600001,8.571428,0.037557,0.3164112
614,Normal,0,PredRedLPP,0,99.98514,1.485714,10,0.0417112,0.3416349
615,Normal,0,PredRedLPP,3,99.97452,2.600001,8.571428,0.0431214,0.3534189
616,Normal,0,PredRedLPP,0,99.9828,1.399999,10,0.05321885,0.363734
617,Normal,0,PredRedLPP,8,99.97311,2.6,10,0.07015844,0.4230916
618,Normal,0,PredRedLPP,4,99.98042,2.600001,10,0.0613629,0.3886899
619,Normal,0,PredRedLPP,7,99.97427,2.600001,10,0.06725048,0.4112318
620,Normal,0,PredRedLPP,13,99.97097,2.600001,10,0.07469389,0.4191644
621,Normal,0,PredRedLPP,0,99.98124,1.399999,10,0.03947936,0.3643219
622,Normal,0,PredRedLPP,1,99.9785,1.399999,10,0.0352201,0.352451
623,Normal,0,PredRedLPP,16,99.97635,2.600001,10,0.079845,0.4525655
624,Normal,0,PredRedLPP,13,99.97314,2.6,10,0.07427332,0.3762176
625,Normal,0,PredRedLPP,2,99.96828,2.6,10,0.05365686,0.4205307
626,Normal,0,PredRedLPP,1,99.97675,2.600001,10,0.04449061,0.3548164
627,Normal,0,PredRedLPP,9,99.97373,2.657144,8.571428,0.07483478,0.3915015
628,Normal,0,PredRedLPP,7,99.97545,2.8,10,0.06501226,0.4160758
629,Normal,0,PredRedLPP,4,99.98142,2.600001,8.571428,0.07632092,0.4244712
630,Normal,0,PredRedLPP,8,99.97145,2.600001,10,0.1099948,0.2475144
630,Normal,1,PredRedLPP,7,99.9994,3.100001,15,0.1225886,0.2745945
631,Normal,0,PredRedLPP,7,100.0025,2.600001,10,0.1381125,0.2485525
631,Normal,1,PredRedLPP,7,99.97494,3.428572,10,0.08396855,0.1929825
632,Normal,0,PredRedLPP,1,99.97011,2.6,8.571428,0.01358811,0.08522898
632,Normal,1,PredRedLPP,0,100.0025,1.399999,3,0.003963196,0.04104742
633,Normal,0,PredRedLPP,1,100.0018,2.6,7.142858,0.01434426,0.1179743
633,Normal,1,PredRedLPP,2,99.96965,2.6,10,0.02418032,0.07630758
634,Normal,0,PredRedLPP,0,99.97167,1.199999,10,0.002994651,0.0907563
634,Normal,1,PredRedLPP,0,99.99194,1.199999,6,0.003422459,0.07761649
635,Normal,0,PredRedLPP,7,99.98164,3.800001,10,0.07762303,0.2080736
635,Normal,1,PredRedLPP,7,100.0018,3.228571,10,0.09452181,0.1842862
636,Normal,0,PredRedLPP,0,100.0054,1.166666,2,0.002522522,0.03675676
636,Normal,1,PredRedLPP,0,99.96949,1.166666,6,0.003027025,0.110888
637,Normal,0,PredRedLPP,8,100.0024,2.600001,10,0.1119177,0.2564169
637,Normal,1,PredRedLPP,8,99.96806,3.566666,10,0.09667271,0.2607813
638,Normal,0,PredRedLPP,7,100.001,2.600001,10,0.1018727,0.2239166
638,Normal,1,PredRedLPP,7,99.97199,3.600001,10,0.09438201,0.2195916
639,Normal,0,PredRedLPP,0,99.98947,0,8,0,0.08225105
639,Normal,1,PredRedLPP,0,99.98063,0,3.428571,0,0.03679653
640,Normal,0,PredRedLPP,0,99.98132,1.199999,2,0.003030301,0.07575756
640,Normal,1,PredRedLPP,0,99.9938,1.199999,10,0.002597401,0.07359309
641,Normal,0,PredRedLPP,0,100.0052,0,2,0,0.0771704
641,Normal,1,PredRedLPP,1,99.97183,2.6,7.428572,0.01800643,0.1007503
642,Normal,0,PredRedLPP,6,100.0032,3.333332,10,0.07410231,0.2496256
642,Normal,1,PredRedLPP,6,99.97043,3.800001,8.857143,0.07988561,0.2329658
643,Normal,0,PredRedLPP,0,100.0025,1.199999,4.285714,0.00301724,0.06342363
643,Normal,1,PredRedLPP,0,99.97749,1.857144,3.428571,0.01882183,0.085899
644,Normal,0,PredRedLPP,0,99.98309,0,1.714286,0,0.02164502
644,Normal,1,PredRedLPP,0,99.98774,0,8,0,0.01731602
645,Normal,0,PredRedLPP,0,100.0015,1.166666,10,0.004247657,0.1058316
645,Normal,1,PredRedLPP,0,99.98296,1.485716,10,0.006335492,0.04103672
646,Normal,0,PredRedLPP,0,100.0042,1.199999,10,0.01393034,0.08102344
646,Normal,1,PredRedLPP,1,99.97057,2.6,7.5,0.01520966,0.09341049
647,Normal,0,PredRedLPP,0,100.0019,1.199999,8,0.003422458,0.04064171
647,Normal,1,PredRedLPP,0,99.97562,1.399999,4.285714,0.007272723,0.1057296
648,Normal,0,PredRedLPP,0,99.98322,1.399999,10,0.002994651,0.05561497
648,Normal,1,PredRedLPP,0,100.0026,0,2.333333,0,0.1099058
649,Normal,0,PredRedLPP,2,99.9728,3.428572,10,0.02744282,0.1176121
649,Normal,1,PredRedLPP,2,100.0037,2.6,10,0.02370062,0.1372142
650,Normal,0,PredRedLPP,0,100.0024,0,2,0,0.04108108
650,Normal,1,PredRedLPP,0,99.97433,1.199999,4,0.003027025,0.0864865
651,Normal,0,PredRedLPP,0,100.0023,0.9999996,2.142857,0.003571426,0.03126251
651,Normal,1,PredRedLPP,1,99.9831,2.833334,10,0.01183473,0.09453785
652,Normal,0,PredRedLPP,0,99.97117,1.399999,10,0.003027025,0.07042469
652,Normal,1,PredRedLPP,0,100.0047,1.399999,8.571428,0.009081076,0.1513514
653,Normal,0,PredRedLPP,0,99.97631,1.399999,3.166667,0.003030301,0.04112555
653,Normal,1,PredRedLPP,0,99.9752,1.166666,10,0.003030301,0.09626883
654,Normal,0,PredRedLPP,6,100.0043,2.6,10,0.07,0.1741992
654,Normal,1,PredRedLPP,8,99.971,3.428572,10,0.1258788,0.276407
655,Normal,0,PredRedLPP,0,100.0025,2.228572,10,0.002742617,0.07172997
655,Normal,1,PredRedLPP,1,99.98117,2.600001,8,0.01216596,0.08393609
656,Normal,0,PredRedLPP,0,99.97064,0.1999998,2,0.001713061,0.06913427
656,Normal,1,PredRedLPP,0,100.0034,1.399999,2,0.01370449,0.08351176
657,Normal,0,PredRedLPP,0,100.003,1.485716,8.8,0.009612081,0.05976166
657,Normal,1,PredRedLPP,2,99.97799,2.6,10,0.02272571,0.09430631
658,Normal,0,PredRedLPP,2,99.9793,2.6,10,0.02159917,0.09855115
658,Normal,1,PredRedLPP,0,100.0046,0.1999998,3.428571,0.0002076841,0.06779407
659,Normal,0,PredRedLPP,6,99.97301,4,10,0.1229128,0.274101
659,Normal,1,PredRedLPP,4,100.0043,4,10,0.06660388,0.172989
660,Normal,0,PredRedLPP,0,99.99805,1.399999,5,0.04375415,0.2580877
660,Normal,1,PredRedLPP,2,99.96668,3.428572,5.857143,0.1589847,0.3608167
661,Normal,0,PredRedLPP,3,99.96979,2.228572,8.571428,0.04316028,0.2321255
661,Normal,1,PredRedLPP,4,100.0047,3.428572,8,0.05530522,0.3074484
662,Normal,0,PredRedLPP,0,99.98163,1.399999,6,0.008926669,0.1849604
662,Normal,1,PredRedLPP,0,100.0078,1.199999,2.857143,0.005526033,0.1037195
663,Normal,0,PredRedLPP,0,100,1.199999,8.333334,0.02321242,0.2797929
663,Normal,1,PredRedLPP,1,99.97202,2.666667,8.571428,0.06756473,0.2756279
664,Normal,0,PredRedLPP,5,99.98581,2.6,10,0.1170669,0.3169572
664,Normal,1,PredRedLPP,4,100.0026,2.6,8.571428,0.09761669,0.2960524
665,Normal,0,PredRedLPP,0,100.0055,1.399999,10,0.007518793,0.1074114
665,Normal,1,PredRedLPP,0,99.98115,2.600001,8,0.08757603,0.2432613
666,Normal,0,PredRedLPP,0,99.96725,1.199999,8,0.03397296,0.190121
666,Normal,1,PredRedLPP,0,100.0033,0.933333,3,0.003980097,0.1369175
667,Normal,0,PredRedLPP,1,99.97506,2.600001,5.833333,0.01214361,0.09521295
667,Normal,1,PredRedLPP,0,99.99975,1.399999,4.833333,0.0123196,0.160859
668,Normal,0,PredRedLPP,5,99.96879,2.6,7.714286,0.05025598,0.2319787
668,Normal,1,PredRedLPP,3,100.0016,1.399999,9,0.04072309,0.215124
669,Normal,0,PredRedLPP,0,100.0018,2.166667,2,0.007557933,0.09219252
669,Normal,1,PredRedLPP,0,99.96919,1.857144,6,0.03869618,0.2149224
670,Normal,0,PredRedLPP,0,100.0037,2.166667,2.857143,0.04421197,0.1965034
670,Normal,1,PredRedLPP,1,99.97204,2.6,8,0.013947,0.1136681
671,Normal,0,PredRedLPP,1,99.96702,2.6,8,0.01224921,0.2702272
671,Normal,1,PredRedLPP,0,100.0026,0.933333,2,0.003942271,0.1235481
672,Normal,0,PredRedLPP,0,99.99628,0.9999996,2,0.006054051,0.1312743
672,Normal,1,PredRedLPP,0,99.96965,1.399999,5.333333,0.007351348,0.2000001
673,Normal,0,PredRedLPP,1,99.98405,2.6,8,0.0857444,0.2835019
673,Normal,1,PredRedLPP,0,100.0038,1.399999,4.047619,0.073988,0.2462413
674,Normal,0,PredRedLPP,0,100.0039,0.3999996,6,0.001310042,0.1242982
674,Normal,1,PredRedLPP,0,99.97896,1.399999,3,0.01222707,0.1738408
675,Normal,0,PredRedLPP,1,99.97828,2.6,3,0.05958949,0.211556
675,Normal,1,PredRedLPP,0,99.99876,1.399999,10,0.01089879,0.1648975
676,Normal,0,PredRedLPP,0,99.97245,0.7999992,2,0.03126133,0.1640445
676,Normal,1,PredRedLPP,0,100.0078,1.399999,2.857142,0.009160301,0.163525
677,Normal,0,PredRedLPP,4,100.0015,2.6,8.571428,0.04622306,0.2800662
677,Normal,1,PredRedLPP,4,99.97397,2.6,10,0.052459,0.228994
678,Normal,0,PredRedLPP,1,100.0065,2.6,4,0.03137253,0.2951497
678,Normal,1,PredRedLPP,1,99.97977,2.6,10,0.1030615,0.252838
679,Normal,0,PredRedLPP,0,99.96603,2.166667,5,0.04166663,0.1989724
679,Normal,1,PredRedLPP,0,100.0005,2.228572,10,0.07549855,0.2545279
680,Normal,0,PredRedLPP,2,99.97438,3.333333,10,0.05874315,0.2874219
680,Normal,1,PredRedLPP,0,100.0008,1.399999,4,0.04135438,0.2749805
681,Normal,0,PredRedLPP,4,99.99791,1.4,7.333333,0.03633458,0.2229066
681,Normal,1,PredRedLPP,5,99.97546,3.333334,8.333334,0.04010215,0.2352217
682,Normal,0,PredRedLPP,3,100.0012,2.600001,8.333334,0.05612015,0.2509703
682,Normal,1,PredRedLPP,5,99.98434,3.228572,8.333334,0.06711408,0.2549606
683,Normal,0,PredRedLPP,0,100.0079,1.399999,3,0.03283579,0.2872373
683,Normal,1,PredRedLPP,0,99.96784,1.399999,6.333333,0.08752152,0.2427659
684,Normal,0,PredRedLPP,0,100.0078,0.999999,2.142857,0.002159825,0.1144709
684,Normal,1,PredRedLPP,0,99.97595,1.399999,6.666667,0.0112311,0.1879051
685,Normal,0,PredRedLPP,0,100.0042,1.399999,7.714286,0.008209479,0.191184
685,Normal,1,PredRedLPP,1,99.97488,2.6,8,0.00658174,0.1113134
686,Normal,0,PredRedLPP,3,99.96561,2.600001,10,0.06155642,0.2580161
686,Normal,1,PredRedLPP,1,100.0032,2.6,5.714286,0.04442215,0.2728315
687,Normal,0,PredRedLPP,4,99.98168,2.6,8.333334,0.04105089,0.2295099
687,Normal,1,PredRedLPP,3,100.0026,2.6,8,0.05014118,0.2448981
688,Normal,0,PredRedLPP,0,100.0023,1.199999,8,0.002950473,0.183351
688,Normal,1,PredRedLPP,1,99.98579,2.6,10,0.0113804,0.1201265
689,Normal,0,PredRedLPP,0,100.003,0.9999996,8,0.05646471,0.2151206
689,Normal,1,PredRedLPP,0,99.97965,2.228572,3.333333,0.08012749,0.2369314
690,Normal,0,PredRedLPP,13,99.96733,2.600001,10,0.0882602,0.3976793
690,Normal,1,PredRedLPP,10,99.99722,2.6,10,0.07551521,0.4230993
691,Normal,0,PredRedLPP,4,99.99942,2.600001,10,0.06945186,0.2872458
691,Normal,1,PredRedLPP,19,99.9733,2.600001,10,0.09887813,0.3284185
692,Normal,0,PredRedLPP,5,99.98142,2.600001,10,0.08165117,0.3841454
692,Normal,1,PredRedLPP,4,100.0028,2.600001,10,0.04503679,0.2712759
693,Normal,0,PredRedLPP,8,100.0017,2.600001,8.571428,0.06418733,0.2782698
693,Normal,1,PredRedLPP,26,99.97372,2.600001,10,0.09742887,0.3921355
694,Normal,0,PredRedLPP,13,99.97345,2.88,10,0.08253709,0.3401586
694,Normal,1,PredRedLPP,6,100.004,3.766667,10,0.07142856,0.3101514
695,Normal,0,PredRedLPP,58,99.97676,3,8.571428,0.1620889,0.3805277
695,Normal,1,PredRedLPP,47,100.0073,2.600001,10,0.1254709,0.3349378
696,Normal,0,PredRedLPP,69,99.99992,2.88,8.571428,0.1632468,0.3780963
696,Normal,1,PredRedLPP,71,99.98009,2.600001,10,0.1679371,0.4157399
697,Normal,0,PredRedLPP,20,99.98437,2.600001,10,0.09971617,0.3844298
697,Normal,1,PredRedLPP,4,99.99957,2.600001,10,0.06587183,0.2677951
698,Normal,0,PredRedLPP,4,99.97707,2.828571,10,0.09746123,0.3749235
698,Normal,1,PredRedLPP,2,100.0018,2.600001,10,0.05692618,0.2794969
699,Normal,0,PredRedLPP,8,100.0045,3.1,8.571428,0.0587748,0.2851226
699,Normal,1,PredRedLPP,30,99.98069,2.928572,10,0.1303902,0.4887039
700,Normal,0,PredRedLPP,16,99.97715,2.600001,10,0.09059696,0.3469549
700,Normal,1,PredRedLPP,7,100.0024,2.6,10,0.05973134,0.2819787
701,Normal,0,PredRedLPP,15,99.99055,3.228571,10,0.1046178,0.3565742
701,Normal,1,PredRedLPP,6,99.9941,2.600001,10,0.05127389,0.2523506
702,Normal,0,PredRedLPP,41,99.99043,3,8.571428,0.1419975,0.3748631
702,Normal,1,PredRedLPP,35,100.0139,2.833333,10,0.1235515,0.3616464
703,Normal,0,PredRedLPP,1,99.99593,2.6,8.571428,0.019575,0.1574219
703,Normal,1,PredRedLPP,32,99.9678,4,10,0.1214424,0.4019255
704,Normal,0,PredRedLPP,16,99.97931,2.600001,10,0.08692712,0.3640625
704,Normal,1,PredRedLPP,7,100.0031,3.066666,8.571428,0.05718749,0.2759302
705,Normal,0,PredRedLPP,19,99.99988,2.88,10,0.1043163,0.3282066
705,Normal,1,PredRedLPP,25,99.97234,2.600001,10,0.1172504,0.4039328
706,Normal,0,PredRedLPP,17,99.97806,2.600001,10,0.08312353,0.2883185
706,Normal,1,PredRedLPP,5,100.003,2.600001,10,0.07177085,0.2592783
707,Normal,0,PredRedLPP,5,100.0003,2.600001,10,0.06402216,0.2770482
707,Normal,1,PredRedLPP,5,99.97742,2.600001,10,0.04780665,0.3314124
708,Normal,0,PredRedLPP,4,100.0022,2.600001,10,0.0363801,0.2302169
708,Normal,1,PredRedLPP,22,99.96788,2.600001,10,0.1149655,0.3914453
709,Normal,0,PredRedLPP,39,99.97068,2.800001,10,0.1362602,0.4828362
709,Normal,1,PredRedLPP,5,100.0048,2.600001,10,0.039319,0.278689
710,Normal,0,PredRedLPP,10,99.97318,2.600001,10,0.09067136,0.400548
710,Normal,1,PredRedLPP,1,100.0023,2.6,8.571428,0.03679161,0.2642089
711,Normal,0,PredRedLPP,38,99.99327,2.600001,10,0.1322376,0.4135685
711,Normal,1,PredRedLPP,34,100.0035,2.600001,10,0.1213012,0.4006482
712,Normal,0,PredRedLPP,29,99.98768,2.600001,10,0.1039087,0.4139282
712,Normal,1,PredRedLPP,26,100.0036,2.600001,10,0.1083632,0.3839012
713,Normal,0,PredRedLPP,11,99.98135,2.600001,10,0.09373433,0.39965
713,Normal,1,PredRedLPP,3,100.004,2.600001,10,0.05218602,0.2639137
714,Normal,0,PredRedLPP,20,99.96662,3.100001,10,0.1341081,0.4536376
714,Normal,1,PredRedLPP,8,100.0004,3.766667,10,0.07366967,0.279129
715,Normal,0,PredRedLPP,24,99.97131,2.600001,10,0.1148111,0.3860038
715,Normal,1,PredRedLPP,3,100.0016,2.600001,10,0.03375765,0.2202128
716,Normal,0,PredRedLPP,50,99.99903,2.657144,10,0.1380129,0.3707367
716,Normal,1,PredRedLPP,58,99.98072,2.600001,10,0.1559072,0.3705245
717,Normal,0,PredRedLPP,59,99.97643,2.600001,7.5,0.1595324,0.3708217
717,Normal,1,PredRedLPP,47,100.0026,3.066666,10,0.127734,0.2991011
718,Normal,0,PredRedLPP,11,99.97821,2.628572,10,0.09879053,0.4138722
718,Normal,1,PredRedLPP,4,100.0019,2.6,10,0.06287514,0.2738403
719,Normal,0,PredRedLPP,17,99.97535,4,10,0.118385,0.4122252
719,Normal,1,PredRedLPP,3,100.0076,2.6,10,0.06175183,0.2904472
720,Normal,0,PredRedLPP,0,99.98142,0,8.571428,0,0.0385439
721,Normal,0,PredRedLPP,0,99.98735,1.166666,10,0.003063456,0.03719912
722,Normal,0,PredRedLPP,0,99.97453,0,0,0,0
723,Normal,0,PredRedLPP,1,99.97105,2.6,10,0.00844773,0.03590285
724,Normal,0,PredRedLPP,0,99.98527,0,5.714286,0,0.02407002
725,Normal,0,PredRedLPP,0,99.97172,0,0,0,0
726,Normal,0,PredRedLPP,0,99.98433,0,10,0,0.01082251
727,Normal,0,PredRedLPP,0,99.97229,0,10,0,0.03640257
728,Normal,0,PredRedLPP,0,99.98088,0,0,0,0
729,Normal,0,PredRedLPP,1,99.98489,2.600001,10,0.0113804,0.06076571
730,Normal,0,PredRedLPP,0,99.9682,0,10,0,0.01070664
731,Normal,0,PredRedLPP,0,99.97819,0,10,0,0.01082251
732,Normal,0,PredRedLPP,0,99.98473,2.166667,7.142858,0.01186623,0.06503313
733,Normal,0,PredRedLPP,0,99.97148,0,10,0,0.01082251
734,Normal,0,PredRedLPP,1,99.96941,2.6,6.666667,0.01093474,0.03285462
735,Normal,0,PredRedLPP,0,99.98264,0,10,0,0.01070664
736,Normal,0,PredRedLPP,0,99.97749,1.199999,7.142858,0.009170301,0.03025577
737,Normal,0,PredRedLPP,0,99.98221,0,9,0,0.03463203
738,Normal,0,PredRedLPP,0,99.97623,0,0,0,0
739,Normal,0,PredRedLPP,0,99.97581,1.485714,2.857143,0.006759159,0.02561366
740,Normal,0,PredRedLPP,1,99.9712,2.6,10,0.00648344,0.02818887
741,Normal,0,PredRedLPP,0,99.98286,0,7,0,0.01498929
742,Normal,0,PredRedLPP,1,99.98325,2.6,10,0.01733615,0.05451525
743,Normal,0,PredRedLPP,0,99.97464,0,2,0,0.0131291
744,Normal,0,PredRedLPP,0,99.97945,0,0,0,0
745,Normal,0,PredRedLPP,0,99.9724,0,2,0,0.0131291
746,Normal,0,PredRedLPP,1,99.97955,2.6,10,0.01589958,0.04094441
747,Normal,0,PredRedLPP,0,99.97757,2.228572,2,0.002810812,0.01297297
748,Normal,0,PredRedLPP,0,99.98512,0,2,0,0.01750547
749,Normal,0,PredRedLPP,1,99.98348,2.6,6,0.002783726,0.03150811
750,Normal,0,PredRedLPP,0,99.96661,1.199999,2.333333,0.006120215,0.1450951
751,Normal,0,PredRedLPP,1,99.96941,2.6,8.333334,0.03895285,0.1970083
752,Normal,0,PredRedLPP,0,99.97617,2.228572,10,0.002810812,0.1729731
753,Normal,0,PredRedLPP,1,99.97655,2.600001,8.333334,0.01987621,0.1603275
754,Normal,0,PredRedLPP,0,99.97377,0.6,2.428571,0.001731601,0.1388889
755,Normal,0,PredRedLPP,1,99.98396,2.6,6.666667,0.00846561,0.1777778
756,Normal,0,PredRedLPP,0,99.97253,1.199999,8,0.002994651,0.1497327
757,Normal,0,PredRedLPP,0,99.967,1.399999,2.833333,0.003463202,0.1704804
758,Normal,0,PredRedLPP,1,99.98294,2.600001,6,0.01466805,0.1685984
759,Normal,0,PredRedLPP,1,99.97569,2.6,8,0.00846561,0.1564627
760,Normal,0,PredRedLPP,0,99.96953,1.166666,3.714285,0.002994651,0.1405654
761,Normal,0,PredRedLPP,1,99.97585,2.6,8.333334,0.009344491,0.1660691
762,Normal,0,PredRedLPP,1,99.97484,2.6,8.333334,0.007172996,0.1623469
763,Normal,0,PredRedLPP,1,99.96962,2.6,8,0.01146497,0.1734912
764,Normal,0,PredRedLPP,1,99.96262,2.6,8,0.003640257,0.1974101
765,Normal,0,PredRedLPP,0,99.97448,0,2,0,0.1486924
766,Normal,0,PredRedLPP,1,99.96773,2.6,10,0.009007093,0.1652484
767,Normal,0,PredRedLPP,0,99.9781,1.166666,2,0.003056767,0.1331879
768,Normal,0,PredRedLPP,0,99.98611,0.7999998,8,0.008225102,0.1202846
769,Normal,0,PredRedLPP,0,99.96906,1.399999,2,0.006113534,0.1433771
770,Normal,0,PredRedLPP,1,99.975,2.6,8.333334,0.03957892,0.2070678
771,Normal,0,PredRedLPP,0,99.97085,0,8.571428,0,0.1796539
772,Normal,0,PredRedLPP,0,99.97864,0.999999,2.571428,0.02076501,0.1484778
773,Normal,0,PredRedLPP,1,99.98145,2.6,6.666667,0.008376964,0.1528797
774,Normal,0,PredRedLPP,0,99.97185,1.199999,6,0.01210825,0.1294262
775,Normal,0,PredRedLPP,0,99.97771,1.399999,2.666667,0.006120215,0.1414521
776,Normal,0,PredRedLPP,0,99.9824,1.399999,8.571428,0.005627703,0.1385282
777,Normal,0,PredRedLPP,0,99.97673,1.399999,3.333333,0.09512632,0.3379074
778,Normal,0,PredRedLPP,0,99.97653,0,10,0,0.1701712
779,Normal,0,PredRedLPP,0,99.96774,1.857144,5.428572,0.01593738,0.1292881
780,Normal,0,PredRedLPP,5,99.97778,2.600001,10,0.059235,0.4581798
781,Normal,0,PredRedLPP,12,99.97594,2.600001,10,0.07382943,0.3900946
782,Normal,0,PredRedLPP,9,99.98012,2.600001,10,0.07978912,0.4100344
783,Normal,0,PredRedLPP,0,99.97537,0,2,0,0.002141328
784,Normal,0,PredRedLPP,1,99.97962,2.6,10,0.04739985,0.3443414
785,Normal,0,PredRedLPP,10,99.96936,2.600001,10,0.04484128,0.2913021
786,Normal,0,PredRedLPP,13,99.976,2.600001,10,0.07150996,0.4101283
787,Normal,0,PredRedLPP,9,99.97225,2.95,10,0.07690267,0.4298358
788,Normal,0,PredRedLPP,12,99.97347,2.6,10,0.07858519,0.3982255
789,Normal,0,PredRedLPP,11,99.98178,2.600001,10,0.07766555,0.423561
790,Normal,0,PredRedLPP,0,99.98616,0,0,0,0
791,Normal,0,PredRedLPP,9,99.97462,2.600001,10,0.05400114,0.3366232
792,Normal,0,PredRedLPP,12,99.97394,3.3,10,0.0885145,0.4492169
793,Normal,0,PredRedLPP,0,99.98262,1.399999,10,0.03858517,0.3393559
794,Normal,0,PredRedLPP,14,99.97681,2.95,10,0.08394361,0.4283776
795,Normal,0,PredRedLPP,0,99.97111,0,4,0,0.004329004
796,Normal,0,PredRedLPP,6,99.98129,2.6,10,0.0500931,0.3516982
797,Normal,0,PredRedLPP,5,99.98155,2.95,10,0.06360116,0.398654
798,Normal,0,PredRedLPP,7,99.98201,2.6,8.571428,0.06715463,0.411101
799,Normal,0,PredRedLPP,2,99.98627,1.399999,8.571428,0.0330634,0.3288992
800,Normal,0,PredRedLPP,6,99.98277,2.600001,10,0.04664846,0.2858876
801,Normal,0,PredRedLPP,18,99.96908,2.600001,10,0.0936399,0.4682359
802,Normal,0,PredRedLPP,0,99.98299,1.399999,10,0.04167558,0.3704159
803,Normal,0,PredRedLPP,1,99.97588,1.857144,10,0.04012407,0.3400798
804,Normal,0,PredRedLPP,2,99.96307,2.6,10,0.04555327,0.305402
805,Normal,0,PredRedLPP,7,99.96776,2.600001,10,0.04691292,0.3394237
806,Normal,0,PredRedLPP,9,99.98503,2.6,10,0.07393619,0.4467662
807,Normal,0,PredRedLPP,3,99.97173,2.6,10,0.05890545,0.3507226
808,Normal,0,PredRedLPP,1,99.97596,2.600001,10,0.05430638,0.3456936
809,Normal,0,PredRedLPP,0,99.98244,1.399999,8.333334,0.05184379,0.3938128
810,Normal,0,PredRedLPP,5,100.0008,3.228571,10,0.07164462,0.2060942
810,Normal,1,PredRedLPP,6,99.99099,3.228571,10,0.07473224,0.2637501
811,Normal,0,PredRedLPP,0,100.0033,0,2,0,0.03463204
811,Normal,1,PredRedLPP,0,99.98502,0.7999992,7,0.003030301,0.1103896
812,Normal,0,PredRedLPP,2,100.0024,2.600001,10,0.03993463,0.1161065
812,Normal,1,PredRedLPP,4,99.983,2.6,10,0.0314379,0.1783848
813,Normal,0,PredRedLPP,0,100.0024,1.485714,10,0.005775401,0.05561496
813,Normal,1,PredRedLPP,0,99.97811,1.399999,8,0.005989302,0.1158137
814,Normal,0,PredRedLPP,1,99.97701,2.6,10,0.01136842,0.05614035
814,Normal,1,PredRedLPP,0,100.0031,1.199999,8,0.002947367,0.08000001
815,Normal,0,PredRedLPP,0,99.97486,0,2,0,0.002141328
815,Normal,1,PredRedLPP,0,100.0007,2.228572,10,0.005567454,0.01070664
816,Normal,0,PredRedLPP,0,99.99597,2.228572,10,0.007771835,0.08118156
816,Normal,1,PredRedLPP,0,99.98563,1.166666,10,0.002994651,0.07272726
817,Normal,0,PredRedLPP,6,99.97552,2.600001,8,0.07377261,0.2071798
817,Normal,1,PredRedLPP,5,100.0053,2.6,10,0.06834626,0.1882614
818,Normal,0,PredRedLPP,1,99.97964,2.6,7.142858,0.01712473,0.06699889
818,Normal,1,PredRedLPP,0,100.0019,0,6,0,0.06372696
819,Normal,0,PredRedLPP,0,100.0027,0,2,0,0.0594727
819,Normal,1,PredRedLPP,1,99.97575,2.6,5,0.01673819,0.07970571
820,Normal,0,PredRedLPP,0,100.0023,0,8,0,0.07675907
820,Normal,1,PredRedLPP,1,99.98446,2.857143,4.285714,0.02068229,0.1002132
821,Normal,0,PredRedLPP,6,100.0002,2.857143,10,0.09733192,0.2414967
821,Normal,1,PredRedLPP,7,99.98417,3.099999,10,0.07043907,0.2146391
822,Normal,0,PredRedLPP,7,100.0011,2.6,10,0.07068861,0.1772438
822,Normal,1,PredRedLPP,8,99.96286,2.600001,10,0.08220598,0.2013146
823,Normal,0,PredRedLPP,6,99.98719,3.228571,10,0.08257001,0.2450472
823,Normal,1,PredRedLPP,5,100.0018,2.6,10,0.06475827,0.1824337
824,Normal,0,PredRedLPP,7,99.97157,4,10,0.08397084,0.1520513
824,Normal,1,PredRedLPP,7,100.003,3.428571,10,0.1018823,0.3054037
825,Normal,0,PredRedLPP,0,100.0032,1.199999,2,0.005189187,0.02903475
825,Normal,1,PredRedLPP,0,99.97108,1.399999,8.571428,0.009945939,0.08978121
826,Normal,0,PredRedLPP,8,99.97533,2.6,10,0.09492155,0.205294
826,Normal,1,PredRedLPP,7,100.0016,2.600001,8.571428,0.1281625,0.2646967
827,Normal,0,PredRedLPP,5,100.0012,3.428572,8.666667,0.07570098,0.2737428
827,Normal,1,PredRedLPP,6,99.9827,3.228571,8.666667,0.07570092,0.2163329
828,Normal,0,PredRedLPP,0,100.0022,1.399999,5.714286,0.07163426,0.1772601
828,Normal,1,PredRedLPP,0,99.97395,1.199999,2,0.006047513,0.0734341
829,Normal,0,PredRedLPP,7,99.98125,2.833334,10,0.1168823,0.241352
829,Normal,1,PredRedLPP,7,100.0036,2.600001,10,0.079236,0.2029752
830,Normal,0,PredRedLPP,6,100.0099,2.6,10,0.07414967,0.1985599
830,Normal,1,PredRedLPP,8,99.98109,2.6,10,0.0816945,0.2226788
831,Normal,0,PredRedLPP,5,100.0017,2.833334,10,0.07546344,0.1942012
831,Normal,1,PredRedLPP,7,99.97323,2.600001,10,0.06723217,0.2323954
832,Normal,0,PredRedLPP,7,100.0079,2.857143,10,0.08039571,0.1617421
832,Normal,1,PredRedLPP,8,99.97905,3.428572,8.571428,0.133873,0.3220707
833,Normal,0,PredRedLPP,1,99.97762,2.600001,8,0.02857141,0.07588813
833,Normal,1,PredRedLPP,0,100.0009,0,2,0,0.05563114
834,Normal,0,PredRedLPP,7,100.0059,2.6,10,0.07492356,0.1785496
834,Normal,1,PredRedLPP,7,99.97655,3.400001,10,0.1449541,0.2370031
835,Normal,0,PredRedLPP,0,99.98637,0,6,0,0.1060606
835,Normal,1,PredRedLPP,0,99.98565,0,2,0,0.02597403
836,Normal,0,PredRedLPP,0,100.0014,1.199999,10,0.002991451,0.155983
836,Normal,1,PredRedLPP,0,99.98135,1.199999,10,0.005982903,0.05128205
837,Normal,0,PredRedLPP,7,99.98315,3.100001,8.333334,0.1418108,0.2673582
837,Normal,1,PredRedLPP,7,99.99946,2.600001,10,0.07684669,0.1840472
838,Normal,0,PredRedLPP,7,100.0014,3.428571,10,0.1293173,0.2815218
838,Normal,1,PredRedLPP,7,99.97158,2.800001,10,0.1261045,0.2623682
839,Normal,0,PredRedLPP,1,99.98438,3.228572,6.857142,0.01457663,0.143929
839,Normal,1,PredRedLPP,0,100.0014,1.399999,3.142857,0.006002141,0.0543051
840,Normal,0,PredRedLPP,0,100.0018,1.399999,2,0.007274007,0.1794796
840,Normal,1,PredRedLPP,1,99.97844,2.6,10,0.01278248,0.1490618
841,Normal,0,PredRedLPP,3,100.0016,1.399999,5,0.04398233,0.2288684
841,Normal,1,PredRedLPP,6,99.98061,2.657144,7.166667,0.05179583,0.2599694
842,Normal,0,PredRedLPP,1,99.97788,2.6,4.166667,0.01025641,0.1247402
842,Normal,1,PredRedLPP,0,100.0015,1.485714,2.5,0.02952181,0.1732503
843,Normal,0,PredRedLPP,0,100.0057,1.199999,2.5,0.007793122,0.1777744
843,Normal,1,PredRedLPP,0,99.97504,2.166667,6,0.06624155,0.2191893
844,Normal,0,PredRedLPP,0,99.99863,2.166667,2.857143,0.002754238,0.1800848
844,Normal,1,PredRedLPP,1,99.98785,3.333334,10,0.01341808,0.1506256
845,Normal,0,PredRedLPP,0,99.99831,1.399999,7.142858,0.01934804,0.2208203
845,Normal,1,PredRedLPP,1,99.96898,2.228572,8,0.02250262,0.1757549
846,Normal,0,PredRedLPP,0,100.0032,0.933333,8,0.002868851,0.1469555
846,Normal,1,PredRedLPP,2,99.9782,2.857143,10,0.01885246,0.1740341
847,Normal,0,PredRedLPP,1,99.97261,2.6,6,0.06936373,0.243035
847,Normal,1,PredRedLPP,0,100.0007,0.9999996,6,0.04356843,0.2016894
848,Normal,0,PredRedLPP,0,100.0055,1.399999,6.857142,0.01030927,0.2107021
848,Normal,1,PredRedLPP,2,99.97531,2.6,7.142858,0.01979381,0.151841
849,Normal,0,PredRedLPP,4,99.97611,4,8.571428,0.05830038,0.3049127
849,Normal,1,PredRedLPP,2,100.0012,2.6,6.666666,0.03425558,0.2657163
850,Normal,0,PredRedLPP,0,99.9969,1.166666,2.5,0.0382873,0.1884037
850,Normal,1,PredRedLPP,0,99.97801,1.733333,3,0.06978059,0.2278132
851,Normal,0,PredRedLPP,1,99.98698,2.833333,8,0.01140443,0.1445166
851,Normal,1,PredRedLPP,1,100.0031,2.6,6.666667,0.01837381,0.2009857
852,Normal,0,PredRedLPP,3,99.97153,2.857143,8.333334,0.04847875,0.2363281
852,Normal,1,PredRedLPP,2,100.0019,1.857144,8.333334,0.05142091,0.2449253
853,Normal,0,PredRedLPP,1,99.97505,2.6,5,0.06645612,0.2365414
853,Normal,1,PredRedLPP,0,99.99815,1.199999,6.666667,0.005894734,0.1592983
854,Normal,0,PredRedLPP,0,99.99798,1.399999,2,0.00471562,0.1029518
854,Normal,1,PredRedLPP,0,99.97833,1.199999,5.714286,0.009071271,0.1993213
855,Normal,0,PredRedLPP,2,99.98102,2.857142,10,0.05727959,0.2736021
855,Normal,1,PredRedLPP,1,100.0043,2.666668,8.333334,0.04998288,0.2653482
856,Normal,0,PredRedLPP,7,100.0011,3.428572,10,0.09171845,0.2473258
856,Normal,1,PredRedLPP,7,99.9751,2.6,7.5,0.09486717,0.2342995
857,Normal,0,PredRedLPP,2,99.99921,1.399999,10,0.04375999,0.2279666
857,Normal,1,PredRedLPP,5,99.97635,2.9,10,0.05450294,0.2442367
858,Normal,0,PredRedLPP,2,99.9824,2.600001,6.642857,0.1358923,0.3817697
858,Normal,1,PredRedLPP,1,100.0024,2.6,8.571428,0.04558919,0.2806157
859,Normal,0,PredRedLPP,1,99.98345,2.6,10,0.06886288,0.2454837
859,Normal,1,PredRedLPP,0,99.99692,1.199999,2.428571,0.002975557,0.1390619
860,Normal,0,PredRedLPP,2,99.96926,2.6,6.666667,0.05786552,0.2679439
860,Normal,1,PredRedLPP,1,99.99876,2.6,10,0.03790711,0.2814079
861,Normal,0,PredRedLPP,0,99.96905,1.199999,2,0.002997857,0.111349
861,Normal,1,PredRedLPP,0,100.001,1.485716,8.571428,0.02548178,0.2181097
862,Normal,0,PredRedLPP,6,99.99999,3.766667,10,0.0726257,0.2723685
862,Normal,1,PredRedLPP,6,99.97483,2.6,10,0.09217873,0.2642992
863,Normal,0,PredRedLPP,0,100.0062,2.228572,10,0.005579402,0.1416309
863,Normal,1,PredRedLPP,0,99.97507,2.166667,5.142858,0.05135905,0.2032496
864,Normal,0,PredRedLPP,0,99.97856,1.199999,10,0.01196581,0.2048231
864,Normal,1,PredRedLPP,0,100.0022,1.399999,3,0.01196581,0.1260685
865,Normal,0,PredRedLPP,1,100.0052,1.399999,6,0.04211909,0.249048
865,Normal,1,PredRedLPP,3,99.96891,2.666666,10,0.05771633,0.2699197
866,Normal,0,PredRedLPP,0,100.0015,1.199999,5.714286,0.007043232,0.1724448
866,Normal,1,PredRedLPP,1,99.98522,2.6,10,0.01129707,0.1387727
867,Normal,0,PredRedLPP,0,100.0014,0.6999993,8,0.001495725,0.1217949
867,Normal,1,PredRedLPP,0,99.96799,1.399999,8,0.01588318,0.1976496
868,Normal,0,PredRedLPP,4,100.0024,1.399999,5.142858,0.05281465,0.2296017
868,Normal,1,PredRedLPP,5,99.97989,2.6,10,0.05351041,0.2612271
869,Normal,0,PredRedLPP,1,99.97789,2.600001,10,0.008586388,0.1591624
869,Normal,1,PredRedLPP,0,99.99919,1.399999,6,0.008795807,0.1914735
870,Normal,0,PredRedLPP,15,99.98399,2.8,10,0.07405653,0.3230782
870,Normal,1,PredRedLPP,4,99.99854,2.600001,10,0.04972287,0.2882028
871,Normal,0,PredRedLPP,9,99.97482,2.600001,10,0.08035089,0.3513784
871,Normal,1,PredRedLPP,9,100.0024,2.600001,10,0.07754388,0.3497494
872,Normal,0,PredRedLPP,17,99.98164,2.600001,10,0.09319786,0.3983767
872,Normal,1,PredRedLPP,15,100.0011,3.066666,10,0.09523065,0.3971108
873,Normal,0,PredRedLPP,14,99.97234,4,10,0.08736932,0.4321725
873,Normal,1,PredRedLPP,9,100.0027,2.600001,10,0.07429798,0.3714516
874,Normal,0,PredRedLPP,13,99.98051,2.600001,10,0.07796438,0.3948281
874,Normal,1,PredRedLPP,5,100.0039,2.600001,10,0.07407758,0.3446073
875,Normal,0,PredRedLPP,9,99.99912,2.600001,10,0.08829717,0.3248208
875,Normal,1,PredRedLPP,19,99.96944,2.600001,10,0.1062593,0.4177089
876,Normal,0,PredRedLPP,4,99.99876,2.600001,10,0.06559178,0.2878641
876,Normal,1,PredRedLPP,12,99.97329,2.6,10,0.07952581,0.4096424
877,Normal,0,PredRedLPP,32,99.9787,3.800001,10,0.1141885,0.3457925
877,Normal,1,PredRedLPP,23,100.0056,2.600001,10,0.09591275,0.3087792
878,Normal,0,PredRedLPP,14,100.0034,2.600001,10,0.08498223,0.3701892
878,Normal,1,PredRedLPP,19,99.97816,2.600001,10,0.1054795,0.4560411
879,Normal,0,PredRedLPP,32,99.97437,2.600001,10,0.1265712,0.3783338
879,Normal,1,PredRedLPP,8,100.0005,2.600001,10,0.0529838,0.300207
880,Normal,0,PredRedLPP,3,100.0021,2.600001,10,0.056531,0.3625343
880,Normal,1,PredRedLPP,7,99.9813,2.600001,10,0.07892168,0.4475925
881,Normal,0,PredRedLPP,9,100.0043,2.600001,10,0.07240473,0.3156665
881,Normal,1,PredRedLPP,17,99.96935,2.600001,10,0.1041829,0.3734179
882,Normal,0,PredRedLPP,6,99.98516,2.600001,10,0.08307324,0.3657908
882,Normal,1,PredRedLPP,3,100.0057,2.6,10,0.06740475,0.3353788
883,Normal,0,PredRedLPP,13,99.97466,2.600001,10,0.08899976,0.3746586
883,Normal,1,PredRedLPP,12,100.0012,4,10,0.0991807,0.4042038
884,Normal,0,PredRedLPP,42,100.0028,3.159999,8.571428,0.11558,0.3085978
884,Normal,1,PredRedLPP,58,99.98851,2.95,9.428572,0.1621968,0.4010113
885,Normal,0,PredRedLPP,6,100.0037,2.685714,10,0.04988692,0.2253862
885,Normal,1,PredRedLPP,29,99.97734,2.628572,10,0.1309636,0.4419173
886,Normal,0,PredRedLPP,0,100.0035,0,0,0,0
886,Normal,1,PredRedLPP,66,99.97752,2.8,10,0.1646502,0.3887048
887,Normal,0,PredRedLPP,7,100.0035,2.6,10,0.04924385,0.3367497
887,Normal,1,PredRedLPP,10,99.98267,2.6,10,0.07576554,0.3804523
888,Normal,0,PredRedLPP,3,99.96688,3.533334,10,0.0589647,0.3721805
888,Normal,1,PredRedLPP,2,100.0001,3.428571,10,0.05101214,0.2624831
889,Normal,0,PredRedLPP,7,99.97452,2.600001,10,0.09682982,0.407363
889,Normal,1,PredRedLPP,5,100.0028,2.828572,10,0.05639588,0.3394249
890,Normal,0,PredRedLPP,9,100.003,2.6,10,0.07318337,0.3839144
890,Normal,1,PredRedLPP,15,99.97809,2.600001,10,0.09543309,0.3980129
891,Normal,0,PredRedLPP,11,99.97674,2.600001,10,0.08178231,0.2413585
891,Normal,1,PredRedLPP,7,100.0007,2.600001,10,0.09746999,0.3664894
892,Normal,0,PredRedLPP,22,99.97234,3.159999,10,0.0924642,0.3633145
892,Normal,1,PredRedLPP,5,99.99879,3.333332,10,0.04887056,0.2608561
893,Normal,0,PredRedLPP,78,99.98544,2.600001,10,0.1712326,0.3842925
893,Normal,1,PredRedLPP,43,100.0045,2.600001,10,0.102154,0.2827943
894,Normal,0,PredRedLPP,8,100.0026,2.600001,10,0.04196756,0.2562872
894,Normal,1,PredRedLPP,32,99.995,2.600001,10,0.1211809,0.4138578
895,Normal,0,PredRedLPP,8,100.0017,2.600001,10,0.05361672,0.277543
895,Normal,1,PredRedLPP,11,99.981,2.600001,10,0.08514675,0.4163748
896,Normal,0,PredRedLPP,5,100.0048,2.600001,8.571428,0.08752719,0.3571429
896,Normal,1,PredRedLPP,10,99.97806,2.600001,10,0.07067118,0.3046895
897,Normal,0,PredRedLPP,8,99.98339,2.600001,10,0.07251143,0.3542944
897,Normal,1,PredRedLPP,7,99.99934,2.600001,10,0.07181562,0.3111547
898,Normal,0,PredRedLPP,21,99.99938,2.600001,10,0.1053654,0.3970796
898,Normal,1,PredRedLPP,21,99.97465,2.600001,10,0.09555723,0.4149065
899,Normal,0,PredRedLPP,78,99.97304,3,10,0.1723877,0.3557621
899,Normal,1,PredRedLPP,0,100.0009,0,4,0,0.001678556
900,Normal,0,PredRedLPP,0,99.97573,1.485716,6,0.00576923,0.02564103
901,Normal,0,PredRedLPP,0,99.98611,0,10,0,0.03246754
902,Normal,0,PredRedLPP,0,99.97163,0,0,0,0
903,Normal,0,PredRedLPP,1,99.97474,2.6,10,0.01041886,0.04083069
904,Normal,0,PredRedLPP,0,99.97683,0,0,0,0
905,Normal,0,PredRedLPP,0,99.98384,0,0,0,0
906,Normal,0,PredRedLPP,0,99.98624,0,0,0,0
907,Normal,0,PredRedLPP,0,99.981,0,6,0,0.02141327
908,Normal,0,PredRedLPP,0,99.97192,1.399999,10,0.003027025,0.03243244
909,Normal,0,PredRedLPP,1,99.98268,2.6,7.142858,0.005450736,0.03913347
910,Normal,0,PredRedLPP,0,99.97472,2.166667,1.714286,0.002810812,0.0172973
911,Normal,0,PredRedLPP,1,99.98552,2.6,10,0.01295116,0.06581741
912,Normal,0,PredRedLPP,0,99.97981,0,10,0,0.02813853
913,Normal,0,PredRedLPP,0,99.9698,0,5,0,0.03246753
914,Normal,0,PredRedLPP,0,99.98152,0,0,0,0
915,Normal,0,PredRedLPP,1,99.9714,2.600001,10,0.01140443,0.04223865
916,Normal,0,PredRedLPP,0,99.98462,0,10,0,0.01082251
917,Normal,0,PredRedLPP,1,99.98268,3.000001,7.5,0.01632653,0.03985891
918,Normal,0,PredRedLPP,0,99.97628,0,0,0,0
919,Normal,0,PredRedLPP,1,99.98611,2.6,8.571428,0.01331923,0.04500151
920,Normal,0,PredRedLPP,0,99.98215,1.399999,6.666667,0.003030301,0.02597403
921,Normal,0,PredRedLPP,0,99.97495,0.7999992,7.142858,0.001965065,0.05286962
922,Normal,0,PredRedLPP,1,99.98196,1.857144,10,0.008412198,0.0252366
923,Normal,0,PredRedLPP,0,99.98246,1.399999,8.571428,0.003501092,0.03532354
924,Normal,0,PredRedLPP,0,99.97411,1.166666,6.666667,0.006106867,0.03271538
925,Normal,0,PredRedLPP,1,99.97877,2.6,6.666667,0.01305602,0.03825717
926,Normal,0,PredRedLPP,0,99.98183,1.399999,10,0.003023756,0.03023758
927,Normal,0,PredRedLPP,0,99.98715,1.399999,8.571428,0.006106867,0.03780444
928,Normal,0,PredRedLPP,0,99.98301,0,10,0,0.01948052
929,Normal,0,PredRedLPP,0,99.98221,0,0,0,0
930,Normal,0,PredRedLPP,1,99.98381,2.6,8.333334,0.01434598,0.151949
931,Normal,0,PredRedLPP,1,99.9734,2.6,8,0.00845666,0.1613813
932,Normal,0,PredRedLPP,0,99.97186,0,4.285714,0,0.1531729
933,Normal,0,PredRedLPP,0,99.98842,0.9999996,4.833333,0.003891889,0.1389448
934,Normal,0,PredRedLPP,0,99.98528,1.199999,2,0.005689275,0.1444202
935,Normal,0,PredRedLPP,0,99.98737,0,4.571428,0,0.1493507
936,Normal,0,PredRedLPP,1,99.97333,2.6,2.857143,0.01141649,0.1409444
937,Normal,0,PredRedLPP,0,99.97559,0,8,0,0.1464261
938,Normal,0,PredRedLPP,1,99.97681,2.600001,8.571428,0.01184718,0.1897252
939,Normal,0,PredRedLPP,0,99.97662,2.228572,10,0.01137509,0.1865681
940,Normal,0,PredRedLPP,0,99.98199,1.399999,5.833333,0.004319652,0.1523708
941,Normal,0,PredRedLPP,0,99.9691,0.933333,4,0.004084607,0.1378557
942,Normal,0,PredRedLPP,0,99.98083,1.857144,2,0.005775401,0.1640949
943,Normal,0,PredRedLPP,1,99.97395,2.6,10,0.00844773,0.1837383
944,Normal,0,PredRedLPP,0,99.97588,2.228572,2,0.005995719,0.1221577
945,Normal,0,PredRedLPP,1,99.98019,2.6,5.714286,0.0113924,0.1460218
946,Normal,0,PredRedLPP,0,99.98453,0.2333331,8.333334,0.001443,0.1661514
947,Normal,0,PredRedLPP,1,99.96649,2.6,5,0.05599996,0.2063159
948,Normal,0,PredRedLPP,0,99.9728,1.399999,3,0.0917023,0.3176387
949,Normal,0,PredRedLPP,0,99.96512,0,10,0,0.1530613
950,Normal,0,PredRedLPP,1,99.97589,2.6,5,0.02063321,0.1266962
951,Normal,0,PredRedLPP,0,99.97108,1.199999,8,0.02255424,0.1535296
952,Normal,0,PredRedLPP,0,99.98744,1.166666,2,0.003063456,0.1444203
953,Normal,0,PredRedLPP,0,99.96969,1.485716,2,0.002810812,0.1649422
954,Normal,0,PredRedLPP,1,99.97314,2.600001,4.714286,0.04227977,0.1601778
955,Normal,0,PredRedLPP,0,99.9837,1.399999,8.571428,0.006040989,0.1652027
956,Normal,0,PredRedLPP,0,99.97222,1.399999,8,0.04387643,0.1983874
957,Normal,0,PredRedLPP,1,99.98093,2.6,6.666667,0.008770051,0.1736187
958,Normal,0,PredRedLPP,0,99.97932,1.199999,3.666667,0.003020495,0.1476345
959,Normal,0,PredRedLPP,0,99.97425,0,6.857142,0,0.1679036
960,Normal,0,PredRedLPP,9,99.97741,2.600001,10,0.07161367,0.4505721
961,Normal,0,PredRedLPP,2,99.97389,2.600001,10,0.06376555,0.3529182
962,Normal,0,PredRedLPP,3,99.98148,2.600001,10,0.04715445,0.3351723
963,Normal,0,PredRedLPP,8,99.98194,2.6,8.571428,0.05874706,0.3688366
964,Normal,0,PredRedLPP,6,99.98638,2.6,10,0.04421704,0.3442305
965,Normal,0,PredRedLPP,0,99.98507,1.399999,10,0.0390139,0.3557394
966,Normal,0,PredRedLPP,6,99.97561,2.600001,10,0.04595587,0.3051471
967,Normal,0,PredRedLPP,6,99.983,2.600001,10,0.04776119,0.345238
968,Normal,0,PredRedLPP,1,99.96163,2.6,10,0.04033255,0.306324
969,Normal,0,PredRedLPP,4,99.97839,2.600001,8.857143,0.06112184,0.3983146
970,Normal,0,PredRedLPP,0,99.98151,1.199999,10,0.03418256,0.348347
971,Normal,0,PredRedLPP,2,99.97821,2.6,10,0.0598946,0.3435792
972,Normal,0,PredRedLPP,7,99.9866,2.600001,8.333334,0.06005454,0.379459
973,Normal,0,PredRedLPP,0,99.98442,1.399999,10,0.03851372,0.3599755
974,Normal,0,PredRedLPP,7,99.97034,2.6,10,0.05918254,0.3726979
975,Normal,0,PredRedLPP,8,99.9951,2.600001,10,0.06863624,0.3921644
976,Normal,0,PredRedLPP,2,99.97163,2.600001,8.571428,0.05872852,0.399533
977,Normal,0,PredRedLPP,7,99.98435,2.6,10,0.04387568,0.3383826
978,Normal,0,PredRedLPP,9,99.97594,2.600001,10,0.04226971,0.305795
979,Normal,0,PredRedLPP,10,99.97713,2.600001,10,0.07981627,0.4103195
980,Normal,0,PredRedLPP,4,99.97536,2.6,10,0.06654657,0.4205349
981,Normal,0,PredRedLPP,4,99.96959,2.6,10,0.04524042,0.3097794
982,Normal,0,PredRedLPP,14,99.97605,2.600001,10,0.07486052,0.3924941
983,Normal,0,PredRedLPP,0,99.98209,1.399999,10,0.03782605,0.3163561
984,Normal,0,PredRedLPP,5,99.97321,2.6,8.571428,0.05654021,0.3488107
985,Normal,0,PredRedLPP,6,99.97732,2.600001,8.571428,0.0664778,0.4259183
986,Normal,0,PredRedLPP,0,99.97566,1.399999,10,0.04052001,0.3179591
987,Normal,0,PredRedLPP,1,99.97804,2.6,10,0.05027614,0.3669702
988,Normal,0,PredRedLPP,22,99.98431,2.600001,10,0.09875125,0.4463772
989,Normal,0,PredRedLPP,9,99.96889,2.600001,10,0.05419355,0.3423009
990,Normal,0,PredRedLPP,1,99.97722,2.6,4,0.005508477,0.05932202
990,Normal,1,PredRedLPP,0,100.0035,0.9999996,6,0.0059322,0.1292373
991,Normal,0,PredRedLPP,1,99.9804,2.6,10,0.01129707,0.1071429
991,Normal,1,PredRedLPP,0,100.0021,1.857144,3.333333,0.008368202,0.03556485
992,Normal,0,PredRedLPP,0,99.98545,1.166666,2,0.003063456,0.04157549
992,Normal,1,PredRedLPP,0,99.99857,0,2,0,0.06814629
993,Normal,0,PredRedLPP,0,100.0018,1.399999,10,0.006852244,0.1508107
993,Normal,1,PredRedLPP,0,99.9843,0,8.333334,0,0.0639849
994,Normal,0,PredRedLPP,6,100.0032,3.428571,10,0.08077636,0.1818063
994,Normal,1,PredRedLPP,7,99.96482,2.857143,10,0.1308688,0.2348825
995,Normal,0,PredRedLPP,0,99.98258,2.228572,10,0.0055615,0.03636364
995,Normal,1,PredRedLPP,0,100.001,2.600001,6,0.008556151,0.07486629
996,Normal,0,PredRedLPP,0,100.0029,1.399999,5.333333,0.03081351,0.08557029
996,Normal,1,PredRedLPP,0,99.97513,1.399999,10,0.009071269,0.07343411
997,Normal,0,PredRedLPP,7,100.0024,3.028571,10,0.08053481,0.2155295
997,Normal,1,PredRedLPP,7,99.96866,2.800001,8.571428,0.07213931,0.1777275
998,Normal,0,PredRedLPP,8,99.98048,2.600001,10,0.08205129,0.2111303
998,Normal,1,PredRedLPP,6,100.0023,2.800001,10,0.06944702,0.1701752
999,Normal,0,PredRedLPP,0,99.96786,1.399999,2.857143,0.006047513,0.06448624
999,Normal,1,PredRedLPP,0,100.0009,1.399999,7.142858,0.009071269,0.08978707
1000,Normal,0,PredRedLPP,1,99.98424,2.6,5.523809,0.008760682,0.08516482
1000,Normal,1,PredRedLPP,0,100.002,1.166666,10,0.005982903,0.07448108
1001,Normal,0,PredRedLPP,0,99.96935,1.166666,10,0.006054051,0.07567565
1001,Normal,1,PredRedLPP,0,100.0024,1.399999,3.333333,0.03272069,0.09920208
1002,Normal,0,PredRedLPP,0,100.0017,1.399999,10,0.004996429,0.03211991
1002,Normal,1,PredRedLPP,0,99.98405,0,3.428571,0,0.02141328
1003,Normal,0,PredRedLPP,6,100.0004,4,10,0.113535,0.3042206
1003,Normal,1,PredRedLPP,8,99.97211,2.828572,10,0.09893068,0.2016935
1004,Normal,0,PredRedLPP,5,100.0015,3.333332,8.333334,0.07918625,0.208406
1004,Normal,1,PredRedLPP,6,99.99006,2.600001,10,0.07004695,0.240152
1005,Normal,0,PredRedLPP,8,99.9778,3.766667,10,0.07937088,0.2124709
1005,Normal,1,PredRedLPP,6,100.0013,2.857143,10,0.07731397,0.1899577
1006,Normal,0,PredRedLPP,2,100.0013,2.857143,10,0.02362694,0.1263262
1006,Normal,1,PredRedLPP,2,99.96725,3.428571,10,0.02404144,0.1941772
1007,Normal,0,PredRedLPP,7,99.9754,2.600001,10,0.1436274,0.284445
1007,Normal,1,PredRedLPP,7,99.99997,2.600001,10,0.09307601,0.1956846
1008,Normal,0,PredRedLPP,6,99.97825,3.100001,10,0.07971551,0.2187473
1008,Normal,1,PredRedLPP,6,100.0029,4,9.333333,0.09548543,0.2098242
1009,Normal,0,PredRedLPP,0,100.0017,1.399999,6.666667,0.02219864,0.1129122
1009,Normal,1,PredRedLPP,1,99.97765,2.6,3.142858,0.02820783,0.08241174
1010,Normal,0,PredRedLPP,1,99.97647,3.428572,8.571428,0.01770284,0.1077826
1010,Normal,1,PredRedLPP,1,100.0039,2.6,8.571428,0.02121531,0.08981887
1011,Normal,0,PredRedLPP,1,99.97991,2.800001,10,0.01654294,0.1110943
1011,Normal,1,PredRedLPP,0,100.0014,1.166666,10,0.003958994,0.07493813
1012,Normal,0,PredRedLPP,5,100.0058,4,10,0.1219468,0.2606148
1012,Normal,1,PredRedLPP,7,99.97686,3.428572,8,0.080502,0.1887709
1013,Normal,0,PredRedLPP,8,99.97556,2.600001,10,0.1187768,0.2352993
1013,Normal,1,PredRedLPP,6,100.0062,2.857143,10,0.06507647,0.1716033
1014,Normal,0,PredRedLPP,0,100.0057,0,7.142858,0,0.05467928
1014,Normal,1,PredRedLPP,1,99.96844,2.6,8.857143,0.02060988,0.1257824
1015,Normal,0,PredRedLPP,0,100.0023,2.166667,2,0.005837837,0.04972973
1015,Normal,1,PredRedLPP,0,99.97935,1.199999,10,0.006918915,0.0991506
1016,Normal,0,PredRedLPP,0,100.0015,0,2,0,0.1058202
1016,Normal,1,PredRedLPP,1,99.97187,2.6,5,0.01044092,0.05149912
1017,Normal,0,PredRedLPP,1,99.97497,2.6,4,0.005732484,0.1224346
1017,Normal,1,PredRedLPP,0,100.0026,1.485716,3.333333,0.01380042,0.05858861
1018,Normal,0,PredRedLPP,1,100.0057,2.6,6.928572,0.01676891,0.1115981
1018,Normal,1,PredRedLPP,2,99.97781,3.428571,8.571428,0.0266725,0.09436171
1019,Normal,0,PredRedLPP,7,100.0094,2.600001,10,0.07937095,0.1926346
1019,Normal,1,PredRedLPP,8,99.97356,2.600001,10,0.08714154,0.198097
1020,Normal,0,PredRedLPP,0,99.99945,1.857144,4,0.01168969,0.1731694
1020,Normal,1,PredRedLPP,1,99.96775,2.6,10,0.07120083,0.2340975
1021,Normal,0,PredRedLPP,0,99.98017,1.399999,5.714286,0.01383783,0.1881083
1021,Normal,1,PredRedLPP,0,100.0002,0,2,0,0.1246848
1022,Normal,0,PredRedLPP,1,99.969,2.6,2,0.008403362,0.1359545
1022,Normal,1,PredRedLPP,0,100.0004,1.733334,8,0.03046216,0.2052822
1023,Normal,0,PredRedLPP,0,100.0071,1.199999,8.571428,0.005344293,0.1973279
1023,Normal,1,PredRedLPP,2,99.97533,2.6,5,0.02219937,0.1465277
1024,Normal,0,PredRedLPP,3,99.97602,1.399999,6.666667,0.05834155,0.2626081
1024,Normal,1,PredRedLPP,3,99.99889,2.6,10,0.04532538,0.2747651
1025,Normal,0,PredRedLPP,6,100.0039,2.6,10,0.07675485,0.2586421
1025,Normal,1,PredRedLPP,6,99.97311,2.600001,10,0.06970017,0.2628308
1026,Normal,0,PredRedLPP,2,99.9706,3.428572,10,0.02128966,0.1744895
1026,Normal,1,PredRedLPP,0,100.0003,2.166667,10,0.002661209,0.1494371
1027,Normal,0,PredRedLPP,3,100.0045,1.399999,10,0.05733852,0.2798437
1027,Normal,1,PredRedLPP,4,99.98297,4,9.714286,0.05675145,0.2471346
1028,Normal,0,PredRedLPP,0,99.99998,1.199999,8,0.005543707,0.1940299
1028,Normal,1,PredRedLPP,1,99.97032,2.6,6,0.009665957,0.1137172
1029,Normal,0,PredRedLPP,0,99.99905,1.199999,2.571428,0.002751321,0.11096
1029,Normal,1,PredRedLPP,1,99.96708,2.600001,8.333334,0.01142857,0.197531
1030,Normal,0,PredRedLPP,3,99.98284,2.666668,8.571428,0.05177092,0.2916254
1030,Normal,1,PredRedLPP,2,100.0011,1.399999,5.142857,0.04296587,0.2354945
1031,Normal,0,PredRedLPP,1,100.0025,2.857143,10,0.04121175,0.2660182
1031,Normal,1,PredRedLPP,2,99.96754,2.6,10,0.05047423,0.2624856
1032,Normal,0,PredRedLPP,5,99.97695,3.333332,10,0.06421425,0.2879732
1032,Normal,1,PredRedLPP,3,100.0026,2.600001,8.571428,0.04711196,0.2890335
1033,Normal,0,PredRedLPP,0,99.9998,1.485714,4,0.05674055,0.217871
1033,Normal,1,PredRedLPP,1,99.98432,2.6,10,0.01738824,0.2086791
1034,Normal,0,PredRedLPP,1,99.97462,2.600001,7.142858,0.03588665,0.3202418
1034,Normal,1,PredRedLPP,1,100.0025,2.6,10,0.09108078,0.2395443
1035,Normal,0,PredRedLPP,1,99.97726,2.6,6,0.00845666,0.1183933
1035,Normal,1,PredRedLPP,0,100.0033,2.166667,6,0.01346018,0.1887648
1036,Normal,0,PredRedLPP,4,100.0053,2.857143,10,0.1039504,0.2985402
1036,Normal,1,PredRedLPP,4,99.96887,2.6,10,0.08085444,0.2862275
1037,Normal,0,PredRedLPP,1,100.0044,1.399999,10,0.03957919,0.2493662
1037,Normal,1,PredRedLPP,3,99.97318,2.600001,8.571428,0.08994077,0.316709
1038,Normal,0,PredRedLPP,1,99.97132,2.6,10,0.01522198,0.2026579
1038,Normal,1,PredRedLPP,0,100.003,0.9999996,2,0.002959829,0.1029901
1039,Normal,0,PredRedLPP,1,99.97139,2.6,8,0.005508477,0.1209645
1039,Normal,1,PredRedLPP,0,100.0037,1.399999,10,0.007627114,0.1785715
1040,Normal,0,PredRedLPP,5,99.9735,2.857143,8.571428,0.05431865,0.2424162
1040,Normal,1,PredRedLPP,3,100.0006,1.399999,6,0.04415338,0.2376054
1041,Normal,0,PredRedLPP,0,100.001,0.6,2.428572,0.0006486487,0.1048649
1041,Normal,1,PredRedLPP,0,99.97288,2.600001,3.285714,0.04908105,0.1980953
1042,Normal,0,PredRedLPP,1,99.98193,2.6,10,0.06771156,0.2458079
1042,Normal,1,PredRedLPP,0,100.0031,1.399999,3,0.08874959,0.3158682
1043,Normal,0,PredRedLPP,0,99.99686,1.166666,2,0.003463202,0.1048238
1043,Normal,1,PredRedLPP,0,99.98212,0,4.571428,0,0.1614101
1044,Normal,0,PredRedLPP,0,100.0079,1.199999,4.428572,0.01593738,0.1771612
1044,Normal,1,PredRedLPP,1,99.97241,2.6,7.142858,0.00981857,0.14179
1045,Normal,0,PredRedLPP,1,99.97317,2.6,10,0.01171548,0.2092052
1045,Normal,1,PredRedLPP,0,99.99728,1.399999,7.333333,0.005857737,0.1298068
1046,Normal,0,PredRedLPP,3,99.98057,2.6,8.571428,0.05183724,0.2124766
1046,Normal,1,PredRedLPP,0,100.0033,1.166666,8,0.007939627,0.1394826
1047,Normal,0,PredRedLPP,1,99.98409,2.6,6,0.1032809,0.250237
1047,Normal,1,PredRedLPP,1,100.0017,2.6,8.666667,0.03183244,0.3151834
1048,Normal,0,PredRedLPP,0,100.0041,1.399999,6.666666,0.03966327,0.2349207
1048,Normal,1,PredRedLPP,3,99.97057,2.657144,8.333334,0.05885521,0.2763349
1049,Normal,0,PredRedLPP,0,99.97623,2.600001,4.285714,0.02044728,0.1894619
1049,Normal,1,PredRedLPP,0,100.0028,0,6,0,0.1390538
1050,Normal,0,PredRedLPP,1,100.003,2.600001,10,0.05419154,0.2892451
1050,Normal,1,PredRedLPP,6,99.9713,2.600001,10,0.1021637,0.4227321
1051,Normal,0,PredRedLPP,16,99.99904,2.600001,10,0.100091,0.3235561
1051,Normal,1,PredRedLPP,26,99.97584,2.600001,10,0.1217762,0.3967711
1052,Normal,0,PredRedLPP,12,99.9713,2.600001,10,0.07580384,0.4526769
1052,Normal,1,PredRedLPP,11,100.0021,2.600001,10,0.07655346,0.3353454
1053,Normal,0,PredRedLPP,60,99.99003,2.600001,10,0.1519222,0.3805588
1053,Normal,1,PredRedLPP,59,99.99741,2.600001,10,0.1500731,0.3782644
1054,Normal,0,PredRedLPP,16,99.98372,3.800001,10,0.1101869,0.4087929
1054,Normal,1,PredRedLPP,5,100.0013,2.600001,10,0.05365432,0.3542796
1055,Normal,0,PredRedLPP,12,100.0049,2.600001,10,0.05755917,0.3130295
1055,Normal,1,PredRedLPP,19,99.98161,2.600001,10,0.1076381,0.3777024
1056,Normal,0,PredRedLPP,4,100.0018,2.600001,10,0.05488574,0.2069121
1056,Normal,1,PredRedLPP,40,99.99918,2.600001,10,0.1358157,0.3732408
1057,Normal,0,PredRedLPP,47,99.99254,2.600001,8.571428,0.1477611,0.3775885
1057,Normal,1,PredRedLPP,46,99.99959,2.600001,10,0.139136,0.3654471
1058,Normal,0,PredRedLPP,11,100.005,2.600001,10,0.08283961,0.3339815
1058,Normal,1,PredRedLPP,15,99.97989,2.600001,10,0.07584736,0.3414921
1059,Normal,0,PredRedLPP,36,99.99542,4.000001,10,0.1337033,0.4696352
1059,Normal,1,PredRedLPP,2,100.0024,2.600001,10,0.03705273,0.2076155
1060,Normal,0,PredRedLPP,17,100.0033,2.600001,10,0.09552316,0.3866874
1060,Normal,1,PredRedLPP,22,99.97265,2.600001,10,0.115829,0.3712894
1061,Normal,0,PredRedLPP,24,99.97546,2.600001,10,0.106151,0.3326067
1061,Normal,1,PredRedLPP,0,100.0023,0,0,0,0
1062,Normal,0,PredRedLPP,2,100.0001,2.600001,10,0.05259128,0.3138146
1062,Normal,1,PredRedLPP,9,99.985,2.6,10,0.07923605,0.3479725
1063,Normal,0,PredRedLPP,7,99.97834,2.600001,10,0.0756823,0.3352609
1063,Normal,1,PredRedLPP,2,100.0017,2.6,10,0.05426905,0.3761336
1064,Normal,0,PredRedLPP,2,100.0011,2.6,10,0.05403009,0.2476276
1064,Normal,1,PredRedLPP,8,99.97607,2.6,10,0.07044581,0.3223671
1065,Normal,0,PredRedLPP,9,99.97753,2.600001,10,0.1053381,0.4245466
1065,Normal,1,PredRedLPP,8,100.0048,2.600001,10,0.05557536,0.341637
1066,Normal,0,PredRedLPP,7,100.001,2.600001,10,0.06686043,0.3257616
1066,Normal,1,PredRedLPP,19,99.97498,2.600001,10,0.09895582,0.379517
1067,Normal,0,PredRedLPP,58,99.97788,2.600001,8.571428,0.1530552,0.3899729
1067,Normal,1,PredRedLPP,54,100.0034,3.159999,10,0.1509359,0.3612497
1068,Normal,0,PredRedLPP,4,99.99938,2.6,10,0.06419158,0.2987868
1068,Normal,1,PredRedLPP,21,99.97025,2.600001,10,0.1170258,0.377571
1069,Normal,0,PredRedLPP,0,100.0033,0,8,0,0.003644647
1069,Normal,1,PredRedLPP,68,99.97896,2.600001,10,0.1670251,0.3874694
1070,Normal,0,PredRedLPP,18,99.97261,2.600001,10,0.08786277,0.4091777
1070,Normal,1,PredRedLPP,12,100.005,2.6,10,0.05477093,0.2665368
1071,Normal,0,PredRedLPP,4,99.97729,3.428571,10,0.07020998,0.3122891
1071,Normal,1,PredRedLPP,4,100.0007,2.600001,8.571428,0.09160106,0.308727
1072,Normal,0,PredRedLPP,15,99.97742,2.600001,10,0.1029771,0.3663324
1072,Normal,1,PredRedLPP,2,100.0002,2.6,10,0.0465178,0.2700312
1073,Normal,0,PredRedLPP,21,99.97201,2.666667,10,0.1019608,0.3288303
1073,Normal,1,PredRedLPP,5,100.0034,2.600001,10,0.04920754,0.2539092
1074,Normal,0,PredRedLPP,46,99.96811,2.95,10,0.1431927,0.3900152
1074,Normal,1,PredRedLPP,18,99.99993,2.600001,10,0.06578692,0.2758301
1075,Normal,0,PredRedLPP,42,99.96833,2.600001,10,0.1462665,0.4997104
1075,Normal,1,PredRedLPP,29,100.0049,2.600001,10,0.09928508,0.4169777
1076,Normal,0,PredRedLPP,33,99.97411,3,10,0.1351314,0.3979319
1076,Normal,1,PredRedLPP,33,100.0044,2.833334,10,0.1302149,0.4204527
1077,Normal,0,PredRedLPP,7,100.0038,2.6,10,0.06782829,0.3564808
1077,Normal,1,PredRedLPP,8,99.98114,3.800001,10,0.08161435,0.4207559
1078,Normal,0,PredRedLPP,13,100.0012,2.600001,10,0.05481293,0.3308981
1078,Normal,1,PredRedLPP,26,99.97955,2.600001,10,0.1211177,0.4104388
1079,Normal,0,PredRedLPP,2,100.0043,2.6,10,0.04121086,0.2962151
1079,Normal,1,PredRedLPP,13,99.97295,2.600001,10,0.08114471,0.3864915
